-- MySQL dump 10.13  Distrib 5.6.42, for osx10.14 (x86_64)
--
-- Host: localhost    Database: freemarket_sample_37e_development
-- ------------------------------------------------------
-- Server version	5.6.42

/*!40101 SET @OLD_CHARACTER_SET_CLIENT=@@CHARACTER_SET_CLIENT */;
/*!40101 SET @OLD_CHARACTER_SET_RESULTS=@@CHARACTER_SET_RESULTS */;
/*!40101 SET @OLD_COLLATION_CONNECTION=@@COLLATION_CONNECTION */;
/*!40101 SET NAMES utf8 */;
/*!40103 SET @OLD_TIME_ZONE=@@TIME_ZONE */;
/*!40103 SET TIME_ZONE='+00:00' */;
/*!40014 SET @OLD_UNIQUE_CHECKS=@@UNIQUE_CHECKS, UNIQUE_CHECKS=0 */;
/*!40014 SET @OLD_FOREIGN_KEY_CHECKS=@@FOREIGN_KEY_CHECKS, FOREIGN_KEY_CHECKS=0 */;
/*!40101 SET @OLD_SQL_MODE=@@SQL_MODE, SQL_MODE='NO_AUTO_VALUE_ON_ZERO' */;
/*!40111 SET @OLD_SQL_NOTES=@@SQL_NOTES, SQL_NOTES=0 */;

--
-- Table structure for table `addresses`
--

DROP TABLE IF EXISTS `addresses`;
/*!40101 SET @saved_cs_client     = @@character_set_client */;
/*!40101 SET character_set_client = utf8 */;
CREATE TABLE `addresses` (
  `id` int(11) NOT NULL AUTO_INCREMENT,
  `postcode` int(11) NOT NULL,
  `prefectures` varchar(255) NOT NULL,
  `municipality` varchar(255) NOT NULL,
  `street_number` varchar(255) NOT NULL,
  `building_name` varchar(255) DEFAULT NULL,
  `created_at` datetime NOT NULL,
  `updated_at` datetime NOT NULL,
  `room_number` int(11) DEFAULT NULL,
  `remarks` text,
  `user_id` int(11) NOT NULL,
  PRIMARY KEY (`id`),
  KEY `index_addresses_on_user_id` (`user_id`),
  CONSTRAINT `fk_rails_48c9e0c5a2` FOREIGN KEY (`user_id`) REFERENCES `users` (`id`)
) ENGINE=InnoDB AUTO_INCREMENT=51 DEFAULT CHARSET=utf8;
/*!40101 SET character_set_client = @saved_cs_client */;

--
-- Dumping data for table `addresses`
--

LOCK TABLES `addresses` WRITE;
/*!40000 ALTER TABLE `addresses` DISABLE KEYS */;
INSERT INTO `addresses` VALUES (1,1112222,'埼玉県','綾瀬市','10-20-30',NULL,'2019-03-10 09:05:14','2019-03-10 11:56:00',NULL,NULL,38),(2,1112222,'兵庫県','上川郡東神楽町','10-20-30',NULL,'2019-03-09 22:16:21','2019-03-10 23:35:22',NULL,NULL,1),(3,1112222,'宮崎県','神戸市中央区','10-20-30',NULL,'2019-03-09 17:32:32','2019-03-10 18:57:42',NULL,NULL,9),(4,1112222,'福岡県','吉野郡吉野町','10-20-30',NULL,'2019-03-10 20:49:38','2019-03-09 17:31:33',NULL,NULL,26),(5,1112222,'沖縄県','大阪狭山市','10-20-30',NULL,'2019-03-10 05:37:23','2019-03-09 18:32:11',NULL,NULL,50),(6,1112222,'埼玉県','桑名郡木曽岬町','10-20-30',NULL,'2019-03-11 07:31:39','2019-03-09 19:57:09',NULL,NULL,2),(7,1112222,'静岡県','大野城市','10-20-30',NULL,'2019-03-10 21:55:16','2019-03-11 03:58:13',NULL,NULL,23),(8,1112222,'滋賀県','吾妻郡嬬恋村','10-20-30',NULL,'2019-03-10 10:20:10','2019-03-11 03:44:33',NULL,NULL,6),(9,1112222,'栃木県','勝浦郡上勝町','10-20-30',NULL,'2019-03-11 00:21:13','2019-03-10 01:17:37',NULL,NULL,35),(10,1112222,'大分県','野田市','10-20-30',NULL,'2019-03-10 09:39:36','2019-03-10 17:25:12',NULL,NULL,48),(11,1112222,'静岡県','広島市佐伯区','10-20-30',NULL,'2019-03-11 00:01:17','2019-03-10 02:18:32',NULL,NULL,39),(12,1112222,'沖縄県','綴喜郡宇治田原町','10-20-30',NULL,'2019-03-10 22:28:57','2019-03-10 05:22:33',NULL,NULL,12),(13,1112222,'三重県','枝幸郡浜頓別町','10-20-30',NULL,'2019-03-10 10:35:41','2019-03-10 04:45:42',NULL,NULL,25),(14,1112222,'茨城県','鹿角市','10-20-30',NULL,'2019-03-09 17:40:57','2019-03-10 04:05:32',NULL,NULL,14),(15,1112222,'静岡県','東諸県郡綾町','10-20-30',NULL,'2019-03-10 17:20:06','2019-03-11 10:49:33',NULL,NULL,31),(16,1112222,'大分県','相模原市緑区','10-20-30',NULL,'2019-03-11 13:07:45','2019-03-09 15:23:11',NULL,NULL,30),(17,1112222,'秋田県','香取郡多古町','10-20-30',NULL,'2019-03-10 22:59:50','2019-03-11 07:22:51',NULL,NULL,28),(18,1112222,'広島県','北松浦郡小値賀町','10-20-30',NULL,'2019-03-09 18:56:46','2019-03-10 02:44:11',NULL,NULL,15),(19,1112222,'神奈川県','阿武郡阿武町','10-20-30',NULL,'2019-03-09 17:26:43','2019-03-09 18:25:00',NULL,NULL,4),(20,1112222,'岐阜県','藤岡市','10-20-30',NULL,'2019-03-10 13:54:41','2019-03-10 11:27:13',NULL,NULL,10),(21,1112222,'秋田県','知多市','10-20-30',NULL,'2019-03-11 04:10:40','2019-03-11 12:24:23',NULL,NULL,40),(22,1112222,'千葉県','雲南市','10-20-30',NULL,'2019-03-09 17:44:27','2019-03-11 04:01:31',NULL,NULL,44),(23,1112222,'長野県','肝属郡東串良町','10-20-30',NULL,'2019-03-11 03:42:49','2019-03-10 04:29:14',NULL,NULL,37),(24,1112222,'千葉県','紫波郡紫波町','10-20-30',NULL,'2019-03-11 13:05:08','2019-03-10 06:02:14',NULL,NULL,43),(25,1112222,'佐賀県','五條市','10-20-30',NULL,'2019-03-11 04:23:16','2019-03-11 02:15:09',NULL,NULL,20),(26,1112222,'長崎県','国頭郡本部町','10-20-30',NULL,'2019-03-09 17:13:26','2019-03-09 15:32:51',NULL,NULL,11),(27,1112222,'三重県','和気郡和気町','10-20-30',NULL,'2019-03-10 18:05:57','2019-03-09 19:48:54',NULL,NULL,41),(28,1112222,'熊本県','中頭郡北中城村','10-20-30',NULL,'2019-03-11 11:42:00','2019-03-09 23:38:35',NULL,NULL,34),(29,1112222,'埼玉県','愛知郡東郷町','10-20-30',NULL,'2019-03-10 21:22:12','2019-03-11 14:21:05',NULL,NULL,8),(30,1112222,'福島県','鯖江市','10-20-30',NULL,'2019-03-11 11:24:26','2019-03-11 05:12:35',NULL,NULL,5),(31,1112222,'福井県','芦別市','10-20-30',NULL,'2019-03-10 12:59:59','2019-03-11 01:18:44',NULL,NULL,36),(32,1112222,'広島県','紋別市','10-20-30',NULL,'2019-03-10 13:55:41','2019-03-10 00:28:23',NULL,NULL,45),(33,1112222,'山形県','吾妻郡東吾妻町','10-20-30',NULL,'2019-03-10 08:11:43','2019-03-10 20:11:02',NULL,NULL,19),(34,1112222,'青森県','西牟婁郡上富田町','10-20-30',NULL,'2019-03-11 00:05:11','2019-03-11 05:26:10',NULL,NULL,47),(35,1112222,'大阪府','苫前郡苫前町','10-20-30',NULL,'2019-03-10 05:09:14','2019-03-10 19:04:19',NULL,NULL,32),(36,1112222,'長野県','北本市','10-20-30',NULL,'2019-03-11 08:45:27','2019-03-10 09:22:36',NULL,NULL,29),(37,1112222,'福岡県','国頭郡本部町','10-20-30',NULL,'2019-03-10 09:08:28','2019-03-10 14:29:41',NULL,NULL,27),(38,1112222,'福井県','和賀郡西和賀町','10-20-30',NULL,'2019-03-11 13:48:16','2019-03-10 16:37:35',NULL,NULL,7),(39,1112222,'滋賀県','下閉伊郡山田町','10-20-30',NULL,'2019-03-11 13:03:45','2019-03-10 03:56:30',NULL,NULL,33),(40,1112222,'京都府','大東市','10-20-30',NULL,'2019-03-09 19:54:23','2019-03-10 16:42:48',NULL,NULL,21),(41,1112222,'神奈川県','室蘭市','10-20-30',NULL,'2019-03-10 11:02:38','2019-03-10 06:18:46',NULL,NULL,13),(42,1112222,'長野県','日田市','10-20-30',NULL,'2019-03-11 01:30:35','2019-03-10 10:11:14',NULL,NULL,18),(43,1112222,'愛媛県','熊本市南区','10-20-30',NULL,'2019-03-11 04:22:45','2019-03-11 13:36:54',NULL,NULL,24),(44,1112222,'福井県','座間市','10-20-30',NULL,'2019-03-10 23:52:12','2019-03-11 14:37:01',NULL,NULL,16),(45,1112222,'香川県','三郷市','10-20-30',NULL,'2019-03-10 06:08:19','2019-03-09 17:33:44',NULL,NULL,3),(46,1112222,'富山県','狛江市','10-20-30',NULL,'2019-03-10 02:45:43','2019-03-11 00:22:40',NULL,NULL,22),(47,1112222,'茨城県','青森市','10-20-30',NULL,'2019-03-10 07:42:26','2019-03-10 02:54:55',NULL,NULL,49),(48,1112222,'佐賀県','木曽郡大桑村','10-20-30',NULL,'2019-03-10 09:43:05','2019-03-10 04:18:09',NULL,NULL,46),(49,1112222,'山形県','富士見市','10-20-30',NULL,'2019-03-10 07:18:18','2019-03-11 05:39:23',NULL,NULL,17),(50,1112222,'東京都','下伊那郡阿南町','10-20-30',NULL,'2019-03-10 11:22:14','2019-03-10 05:11:50',NULL,NULL,42);
/*!40000 ALTER TABLE `addresses` ENABLE KEYS */;
UNLOCK TABLES;

--
-- Table structure for table `ar_internal_metadata`
--

DROP TABLE IF EXISTS `ar_internal_metadata`;
/*!40101 SET @saved_cs_client     = @@character_set_client */;
/*!40101 SET character_set_client = utf8 */;
CREATE TABLE `ar_internal_metadata` (
  `key` varchar(255) NOT NULL,
  `value` varchar(255) DEFAULT NULL,
  `created_at` datetime NOT NULL,
  `updated_at` datetime NOT NULL,
  PRIMARY KEY (`key`)
) ENGINE=InnoDB DEFAULT CHARSET=utf8;
/*!40101 SET character_set_client = @saved_cs_client */;

--
-- Dumping data for table `ar_internal_metadata`
--

LOCK TABLES `ar_internal_metadata` WRITE;
/*!40000 ALTER TABLE `ar_internal_metadata` DISABLE KEYS */;
INSERT INTO `ar_internal_metadata` VALUES ('environment','development','2019-01-12 08:51:40','2019-01-12 08:51:40');
/*!40000 ALTER TABLE `ar_internal_metadata` ENABLE KEYS */;
UNLOCK TABLES;

--
-- Table structure for table `brands`
--

DROP TABLE IF EXISTS `brands`;
/*!40101 SET @saved_cs_client     = @@character_set_client */;
/*!40101 SET character_set_client = utf8 */;
CREATE TABLE `brands` (
  `id` int(11) NOT NULL AUTO_INCREMENT,
  `name` varchar(255) DEFAULT NULL,
  PRIMARY KEY (`id`)
) ENGINE=InnoDB AUTO_INCREMENT=5 DEFAULT CHARSET=utf8;
/*!40101 SET character_set_client = @saved_cs_client */;

--
-- Dumping data for table `brands`
--

LOCK TABLES `brands` WRITE;
/*!40000 ALTER TABLE `brands` DISABLE KEYS */;
INSERT INTO `brands` VALUES (1,'シャネル'),(2,'ルイヴィトン'),(3,'シュプリーム'),(4,'ナイキ');
/*!40000 ALTER TABLE `brands` ENABLE KEYS */;
UNLOCK TABLES;

--
-- Table structure for table `cards`
--

DROP TABLE IF EXISTS `cards`;
/*!40101 SET @saved_cs_client     = @@character_set_client */;
/*!40101 SET character_set_client = utf8 */;
CREATE TABLE `cards` (
  `id` int(11) NOT NULL AUTO_INCREMENT,
  `user_id` int(11) NOT NULL,
  `name` varchar(255) NOT NULL,
  `card_number` int(11) NOT NULL,
  `expiration_date` date NOT NULL,
  `security_code` int(11) NOT NULL,
  `created_at` datetime NOT NULL,
  `updated_at` datetime NOT NULL,
  PRIMARY KEY (`id`),
  KEY `index_cards_on_user_id` (`user_id`),
  CONSTRAINT `fk_rails_8ef7749967` FOREIGN KEY (`user_id`) REFERENCES `users` (`id`)
) ENGINE=InnoDB DEFAULT CHARSET=utf8;
/*!40101 SET character_set_client = @saved_cs_client */;

--
-- Dumping data for table `cards`
--

LOCK TABLES `cards` WRITE;
/*!40000 ALTER TABLE `cards` DISABLE KEYS */;
/*!40000 ALTER TABLE `cards` ENABLE KEYS */;
UNLOCK TABLES;

--
-- Table structure for table `categories`
--

DROP TABLE IF EXISTS `categories`;
/*!40101 SET @saved_cs_client     = @@character_set_client */;
/*!40101 SET character_set_client = utf8 */;
CREATE TABLE `categories` (
  `id` int(11) NOT NULL AUTO_INCREMENT,
  `name` varchar(255) NOT NULL,
  `ancestry` varchar(255) DEFAULT NULL,
  PRIMARY KEY (`id`),
  KEY `index_categories_on_ancestry` (`ancestry`)
) ENGINE=InnoDB AUTO_INCREMENT=1321 DEFAULT CHARSET=utf8;
/*!40101 SET character_set_client = @saved_cs_client */;

--
-- Dumping data for table `categories`
--

LOCK TABLES `categories` WRITE;
/*!40000 ALTER TABLE `categories` DISABLE KEYS */;
INSERT INTO `categories` VALUES (1,'レディース','0'),(2,'メンズ','0'),(3,'ベビー・キッズ','0'),(4,'インテリア・住まい・小物','0'),(5,'本・音楽・ゲーム','0'),(6,'おもちゃ・ホビー・グッズ','0'),(7,'コスメ・香水・美容','0'),(8,'家電・スマホ・カメラ','0'),(9,'スポーツ・レジャー','0'),(10,'ハンドメイド','0'),(11,'チケット','0'),(12,'自動車・オートバイ','0'),(13,'その他','0'),(14,'トップス','1'),(15,'ジャケット/アウター','1'),(16,'パンツ','1'),(17,'スカート','1'),(18,'ワンピース','1'),(19,'靴','1'),(20,'ルームウェア/パジャマ','1'),(21,'レッグウェア','1'),(22,'帽子','1'),(23,'バッグ','1'),(24,'アクセサリー','1'),(25,'ヘアアクセサリー','1'),(26,'小物','1'),(27,'時計','1'),(28,'ウィッグ/エクステ','1'),(29,'浴衣/水着','1'),(30,'スーツ/フォーマル/ドレス','1'),(31,'マタニティ','1'),(32,'その他','1'),(33,'Tシャツ/カットソー（半袖/袖なし）','1/14'),(34,'Tシャツ/カットソー（七分/長袖）','1/14'),(35,'シャツ/ブラウス（半袖/袖なし）','1/14'),(36,'シャツ/ブラウス（七分/長袖）','1/14'),(37,'ポロシャツ','1/14'),(38,'キャミソール','1/14'),(39,'タンクトップ','1/14'),(40,'ホルターネック','1/14'),(41,'ニット/セーター','1/14'),(42,'チェニック','1/14'),(43,'カーディガン/ボレロ','1/14'),(44,'アンサンブル','1/14'),(45,'ベスト/ジレ','1/14'),(46,'パーカー','1/14'),(47,'トレーナー/スウェット','1/14'),(48,'ペアトップ/チューブトップ','1/14'),(49,'ジャージ','1/14'),(50,'その他','1/14'),(51,'テーラードジャケット','1/15'),(52,'ノーカラージャケット','1/15'),(53,'Gジャン/デニムジャケット','1/15'),(54,'レザージャケット','1/15'),(55,'ダウンジャケット','1/15'),(56,'ライダースジャケット','1/15'),(57,'ミリタリージャケット','1/15'),(58,'ダウンベスト','1/15'),(59,'ジャンパー/ブルゾン','1/15'),(60,'ポンチョ','1/15'),(61,'ロングコート','1/15'),(62,'トレンチコート','1/15'),(63,'ダッフルコート','1/15'),(64,'ピーコート','1/15'),(65,'チェスターコート','1/15'),(66,'モッズコート','1/15'),(67,'スタジャン','1/15'),(68,'毛皮/ファーコート','1/15'),(69,'スプリングコート','1/15'),(70,'スカジャン','1/15'),(71,'その他','1/15'),(72,'デニム/ジーンズ','1/16'),(73,'ショートパンツ','1/16'),(74,'カジュアルパンツ','1/16'),(75,'ハーフパンツ','1/16'),(76,'チノパン','1/16'),(77,'ワークパンツ/カーゴパンツ','1/16'),(78,'クロップドパンツ','1/16'),(79,'サロペット/オーバーオール','1/16'),(80,'オールインワン','1/16'),(81,'サルエルパンツ','1/16'),(82,'ガウチョパンツ','1/16'),(83,'その他','1/16'),(84,'ミニスカート','1/17'),(85,'ひざ丈スカート','1/17'),(86,'ロングスカート','1/17'),(87,'キュロット','1/17'),(88,'その他','1/17'),(89,'ミニワンピース','1/18'),(90,'ひざ丈ワンピース','1/18'),(91,'ロングワンピース','1/18'),(92,'その他','1/18'),(93,'ハイヒール/パンプス','1/19'),(94,'ブーツ','1/19'),(95,'サンダル','1/19'),(96,'スニーカー','1/19'),(97,'ミュール','1/19'),(98,'モカシン','1/19'),(99,'ローファー/革靴','1/19'),(100,'フラットシューズ/バレエシューズ','1/19'),(101,'長靴/レインシューズ','1/19'),(102,'その他','1/19'),(103,'パジャマ','1/20'),(104,'ルームウェア','1/20'),(105,'ソックス','1/21'),(106,'スパッツ/レギンス','1/21'),(107,'ストッキング/タイツ','1/21'),(108,'レッグウォーマー','1/21'),(109,'その他','1/21'),(110,'ニットキャップ','1/22'),(111,'ハット','1/22'),(112,'ハンチング/ベレー帽','1/22'),(113,'キャップ','1/22'),(114,'キャスケット','1/22'),(115,'麦わら帽子','1/22'),(116,'その他','1/22'),(117,'ハンドバッグ','1/23'),(118,'トートバッグ','1/23'),(119,'エコバッグ','1/23'),(120,'リュック/バックパック','1/23'),(121,'ボストンバッグ','1/23'),(122,'スポーツバッグ','1/23'),(123,'ショルダーバッグ','1/23'),(124,'クラッチバッグ','1/23'),(125,'ポーチ/バニティ','1/23'),(126,'ボディバッグ/ウェストバッグ','1/23'),(127,'マザーズバッグ','1/23'),(128,'メッセンジャーバッグ','1/23'),(129,'ビジネスバッグ','1/23'),(130,'旅行用バッグ/キャリーバッグ','1/23'),(131,'ショップ袋','1/23'),(132,'和装用バッグ','1/23'),(133,'かごバッグ','1/23'),(134,'その他','1/23'),(135,'ネックレス','1/24'),(136,'ブレスレット','1/24'),(137,'バングル/リストバンド','1/24'),(138,'リング','1/24'),(139,'ピアス（片耳用）','1/24'),(140,'ピアス（両耳用）','1/24'),(141,'イヤリング','1/24'),(142,'アンクレット','1/24'),(143,'ブローチ/コサージュ','1/24'),(144,'チャーム','1/24'),(145,'その他','1/24'),(146,'ヘアゴム/シュシュ','1/25'),(147,'ヘアバンド/カチューシャ','1/25'),(148,'ヘアピン','1/25'),(149,'その他','1/25'),(150,'長財布','1/26'),(151,'折り財布','1/26'),(152,'コインケース/小銭入れ','1/26'),(153,'名刺入れ/定期入れ','1/26'),(154,'キーケース','1/26'),(155,'キーホルダー','1/26'),(156,'手袋/アームカバー','1/26'),(157,'ハンカチ','1/26'),(158,'ベルト','1/26'),(159,'マフラー/ショール','1/26'),(160,'ストール/スヌード','1/26'),(161,'バンダナ/スカーフ','1/26'),(162,'ネックウォーマー','1/26'),(163,'サスペンダー','1/26'),(164,'サングラス/メガネ','1/26'),(165,'モバイルケース/カバー','1/26'),(166,'手帳','1/26'),(167,'イヤマフラー','1/26'),(168,'傘','1/26'),(169,'レインコート/ポンチョ','1/26'),(170,'ミラー','1/26'),(171,'タバコグッズ','1/26'),(172,'その他','1/26'),(173,'腕時計（アナログ）','1/27'),(174,'腕時計（デジタル）','1/27'),(175,'ラバーベルト','1/27'),(176,'レザーベルト','1/27'),(177,'金属ベルト','1/27'),(178,'その他','1/27'),(179,'前髪ウィッグ','1/28'),(180,'ロングストレート','1/28'),(181,'ロングカール','1/28'),(182,'ショートストレート','1/28'),(183,'ショートカール','1/28'),(184,'その他','1/28'),(185,'浴衣','1/29'),(186,'着物','1/29'),(187,'振袖','1/29'),(188,'長襦袢/半襦袢','1/29'),(189,'水着セパレート','1/29'),(190,'水着ワンピース','1/29'),(191,'水着スポーツ用','1/29'),(192,'その他','1/29'),(193,'スカートスーツ上下','1/30'),(194,'パンツスーツ上下','1/30'),(195,'ドレス','1/30'),(196,'パーティーバッグ','1/30'),(197,'シューズ','1/30'),(198,'ウェディング','1/30'),(199,'その他','1/30'),(200,'トップス','1/31'),(201,'アウター','1/31'),(202,'インナー','1/31'),(203,'ワンピース','1/31'),(204,'パンツ/スパッツ','1/31'),(205,'スカート','1/31'),(206,'パジャマ','1/31'),(207,'授乳服','1/31'),(208,'その他','1/31'),(209,'コスプレ','1/32'),(210,'下着','1/32'),(211,'その他','1/32'),(212,'トップス','2'),(213,'ジャケット/アウター','2'),(214,'パンツ','2'),(215,'靴','2'),(216,'バッグ','2'),(217,'スーツ','2'),(218,'帽子','2'),(219,'アクセサリー','2'),(220,'小物','2'),(221,'時計','2'),(222,'水着','2'),(223,'レッグウェア','2'),(224,'アンダーウェア','2'),(225,'その他','2'),(226,'Tシャツ/カットソー（半袖/袖なし）','2/212'),(227,'Tシャツ/カットソー（七分/長袖）','2/212'),(228,'シャツ','2/212'),(229,'ポロシャツ','2/212'),(230,'タンクトップ','2/212'),(231,'ニット/セーター','2/212'),(232,'パーカー','2/212'),(233,'カーディガン','2/212'),(234,'スウェット','2/212'),(235,'ジャージ','2/212'),(236,'ベスト','2/212'),(237,'その他','2/212'),(238,'テーラードジャケット','2/213'),(239,'ノーカラージャケット','2/213'),(240,'Gジャン/デニムジャケット','2/213'),(241,'レザージャケット','2/213'),(242,'ダウンジャケット','2/213'),(243,'ライダースジャケット','2/213'),(244,'ミリタリージャケット','2/213'),(245,'ナイロンジャケット','2/213'),(246,'フライトジャケット','2/213'),(247,'ダッフルコート','2/213'),(248,'ピーコート','2/213'),(249,'ステンカラーコート','2/213'),(250,'トレンチコート','2/213'),(251,'モッズコート','2/213'),(252,'チェスターコート','2/213'),(253,'スタジャン','2/213'),(254,'スカジャン','2/213'),(255,'ブルゾン','2/213'),(256,'マウンテンパーカー','2/213'),(257,'ダウンベスト','2/213'),(258,'ポンチョ','2/213'),(259,'カバーオール','2/213'),(260,'その他','2/213'),(261,'デニム/ジーンズ','2/214'),(262,'ワークパンツ/カーゴパンツ','2/214'),(263,'チノパン','2/214'),(264,'ショートパンツ','2/214'),(265,'ペインターパンツ','2/214'),(266,'サルエルパンツ','2/214'),(267,'オーバーオール','2/214'),(268,'その他','2/214'),(269,'スニーカー','2/215'),(270,'サンダル','2/215'),(271,'ブーツ','2/215'),(272,'モカシン','2/215'),(273,'ドレス/ビジネス','2/215'),(274,'長靴/レインシューズ','2/215'),(275,'デッキシューズ','2/215'),(276,'その他','2/215'),(277,'ショルダーバッグ','2/216'),(278,'トートバッグ','2/216'),(279,'ボストンバッグ','2/216'),(280,'リュック/バックパック','2/216'),(281,'ウエストポーチ','2/216'),(282,'ボディバッグ','2/216'),(283,'ドラムバッグ','2/216'),(284,'ビジネスバッグ','2/216'),(285,'トラベルバッグ','2/216'),(286,'メッセンジャーバッグ','2/216'),(287,'エコバッグ','2/216'),(288,'その他','2/216'),(289,'スーツジャケット','2/217'),(290,'スーツベスト','2/217'),(291,'スラックス','2/217'),(292,'セットアップ','2/217'),(293,'その他','2/217'),(294,'キャップ','2/218'),(295,'ハット','2/218'),(296,'ニットキャップ/ビーニー','2/218'),(297,'ハンチング/ベレー帽','2/218'),(298,'キャスケット','2/218'),(299,'サンバイザー','2/218'),(300,'その他','2/218'),(301,'ネックレス','2/219'),(302,'ブレスレット','2/219'),(303,'バングル/リストバンド','2/219'),(304,'リング','2/219'),(305,'ピアス（片耳用）','2/219'),(306,'ピアス（両耳用）','2/219'),(307,'アンクレット','2/219'),(308,'その他','2/219'),(309,'長財布','2/220'),(310,'折り財布','2/220'),(311,'マネークリップ','2/220'),(312,'コインケース/小銭入れ','2/220'),(313,'名刺入れ/定期入れ','2/220'),(314,'キーケース','2/220'),(315,'キーホルダー','2/220'),(316,'ネクタイ','2/220'),(317,'手袋','2/220'),(318,'ハンカチ','2/220'),(319,'ベルト','2/220'),(320,'マフラー','2/220'),(321,'ストール','2/220'),(322,'バンダナ','2/220'),(323,'ネックウォーマー','2/220'),(324,'サスペンダー','2/220'),(325,'ウォレットチェーン','2/220'),(326,'サングラス/メガネ','2/220'),(327,'モバイルケース/カバー','2/220'),(328,'手帳','2/220'),(329,'ストラップ','2/220'),(330,'ネクタイピン','2/220'),(331,'カフリンクス','2/220'),(332,'イヤマフラー','2/220'),(333,'傘','2/220'),(334,'レインコート','2/220'),(335,'ミラー','2/220'),(336,'タバコグッズ','2/220'),(337,'その他','2/220'),(338,'腕時計（アナログ）','2/221'),(339,'腕時計（デジタル）','2/221'),(340,'ラバーベルト','2/221'),(341,'レザーベルト','2/221'),(342,'金属ベルト','2/221'),(343,'その他','2/221'),(344,'一般水着','2/222'),(345,'スポーツ用','2/222'),(346,'アクセサリー','2/222'),(347,'その他','2/222'),(348,'ソックス','2/223'),(349,'レギンス/スパッツ','2/223'),(350,'レッグウォーマー','2/223'),(351,'その他','2/223'),(352,'トランクス','2/224'),(353,'インナー','2/224'),(354,'その他','2/224'),(355,'ベビー服（女の子用）~95cm','3'),(356,'ベビー服（男の子用）~95cm','3'),(357,'ベビー服（男女兼用）~95cm','3'),(358,'キッズ服（女の子用）100cm~','3'),(359,'キッズ服（男の子用）100cm~','3'),(360,'キッズ服（男女兼用）100cm~','3'),(361,'キッズ靴','3'),(362,'子供用ファッション小物','3'),(363,'おむつ/トイレ/バス','3'),(364,'外出/移動用品','3'),(365,'授乳/食事','3'),(366,'ベビー家具/寝具/室内用品','3'),(367,'おもちゃ','3'),(368,'行事/記念品','3'),(369,'その他','3'),(370,'トップス','3/355'),(371,'アウター','3/355'),(372,'パンツ','3/355'),(373,'スカート','3/355'),(374,'ワンピース','3/355'),(375,'ベビードレス','3/355'),(376,'おくるみ','3/355'),(377,'下着/肌着','3/355'),(378,'パジャマ','3/355'),(379,'ロンバース','3/355'),(380,'その他','3/355'),(381,'トップス','3/356'),(382,'アウター','3/356'),(383,'パンツ','3/356'),(384,'おくるみ','3/356'),(385,'下着/肌着','3/356'),(386,'パジャマ','3/356'),(387,'ロンバース','3/356'),(388,'その他','3/356'),(389,'トップス','3/357'),(390,'アウター','3/357'),(391,'パンツ','3/357'),(392,'おくるみ','3/357'),(393,'下着/肌着','3/357'),(394,'パジャマ','3/357'),(395,'ロンバース','3/357'),(396,'その他','3/357'),(397,'コート','3/358'),(398,'ジャケット/上着','3/358'),(399,'トップス（Tシャツ/カットソー）','3/358'),(400,'トップス（トレーナー）','3/358'),(401,'トップス（チェニック）','3/358'),(402,'トップス（タンクトップ）','3/358'),(403,'トップス（その他）','3/358'),(404,'スカート','3/358'),(405,'パンツ','3/358'),(406,'ワンピース','3/358'),(407,'セットアップ','3/358'),(408,'パジャマ','3/358'),(409,'フォーマル/ドレス','3/358'),(410,'和服','3/358'),(411,'浴衣','3/358'),(412,'甚平','3/358'),(413,'水着','3/358'),(414,'その他','3/358'),(415,'コート','3/359'),(416,'ジャケット/上着','3/359'),(417,'トップス（Tシャツ/カットソー）','3/359'),(418,'トップス（トレーナー）','3/359'),(419,'トップス（その他）','3/359'),(420,'パンツ','3/359'),(421,'セットアップ','3/359'),(422,'パジャマ','3/359'),(423,'フォーマル/ドレス','3/359'),(424,'和服','3/359'),(425,'浴衣','3/359'),(426,'甚平','3/359'),(427,'水着','3/359'),(428,'その他','3/359'),(429,'コート','3/360'),(430,'ジャケット/上着','3/360'),(431,'トップス（Tシャツ/カットソー）','3/360'),(432,'トップス（トレーナー）','3/360'),(433,'トップス（その他）','3/360'),(434,'ボトムス','3/360'),(435,'パジャマ','3/360'),(436,'その他','3/360'),(437,'スニーカー','3/361'),(438,'サンダル','3/361'),(439,'ブーツ','3/361'),(440,'長靴','3/361'),(441,'その他','3/361'),(442,'靴下/スパッツ','3/362'),(443,'帽子','3/362'),(444,'エプロン','3/362'),(445,'サスペンダー','3/362'),(446,'タイツ','3/362'),(447,'ハンカチ','3/362'),(448,'バンダナ','3/362'),(449,'ベルト','3/362'),(450,'マフラー','3/362'),(451,'傘','3/362'),(452,'手袋','3/362'),(453,'スタイ','3/362'),(454,'バッグ','3/362'),(455,'その他','3/362'),(456,'おむつ用品','3/363'),(457,'おまる/補助便座','3/363'),(458,'トレーニングパンツ','3/363'),(459,'ベビーバス','3/363'),(460,'お風呂用品','3/363'),(461,'その他','3/363'),(462,'ベビーカー','3/364'),(463,'抱っこひも/スリング','3/364'),(464,'チャイルドシート','3/364'),(465,'その他','3/364'),(466,'ミルク','3/365'),(467,'ベビーフード','3/365'),(468,'ベビー用食器','3/365'),(469,'その他','3/365'),(470,'ベッド','3/366'),(471,'布団/毛布','3/366'),(472,'イス','3/366'),(473,'たんす','3/366'),(474,'その他','3/366'),(475,'おふろのおもちゃ','3/367'),(476,'がらがら','3/367'),(477,'オルゴール','3/367'),(478,'ベビージム','3/367'),(479,'手押し車/カタカタ','3/367'),(480,'知育玩具','3/367'),(481,'その他','3/367'),(482,'お宮参り用品','3/368'),(483,'お食い初め用品','3/368'),(484,'アルバム','3/368'),(485,'手形/足形','3/368'),(486,'その他','3/368'),(487,'母子手帳用品','3/369'),(488,'その他','3/369'),(489,'キッチン/食器','4'),(490,'ベッド/マットレス','4'),(491,'ソファ/ソファベッド','4'),(492,'椅子/チェア','4'),(493,'机/テーブル','4'),(494,'収納家具','4'),(495,'ラグ/カーペット/マット','4'),(496,'カーテン/ブラインド','4'),(497,'ライト/証明','4'),(498,'寝具','4'),(499,'インテリア小物','4'),(500,'季節/年中行事','4'),(501,'その他','4'),(502,'食器','4/489'),(503,'調理器具','4/489'),(504,'収納/キッチン雑貨','4/489'),(505,'弁当用品','4/489'),(506,'カトラリー（スプーン等）','4/489'),(507,'テーブル用品','4/489'),(508,'容器','4/489'),(509,'エプロン','4/489'),(510,'アルコールグッズ','4/489'),(511,'浄水機','4/489'),(512,'その他','4/489'),(513,'セミシングルベッド','4/490'),(514,'シングルベッド','4/490'),(515,'セミダブルベッド','4/490'),(516,'ダブルベッド','4/490'),(517,'ワイドダブルベッド','4/490'),(518,'クイーンベッド','4/490'),(519,'キングベッド','4/490'),(520,'脚付きマットレスベッド','4/490'),(521,'マットレス','4/490'),(522,'すのこベッド','4/490'),(523,'ロフトベッド/システムベッド','4/490'),(524,'簡易ベッド/折り畳みベッド','4/490'),(525,'収納付き','4/490'),(526,'その他','4/490'),(527,'ソファセット','4/491'),(528,'シングルソファ','4/491'),(529,'ラブソファ','4/491'),(530,'トリプルソファ','4/491'),(531,'オットマン','4/491'),(532,'コーナーソファ','4/491'),(533,'ビーズソファ/クッションソファ','4/491'),(534,'ローソファ/フロアソファ','4/491'),(535,'ソファベッド','4/491'),(536,'応接セット','4/491'),(537,'ソファカバー','4/491'),(538,'リクライニングソファ','4/491'),(539,'その他','4/491'),(540,'一般','4/492'),(541,'スツール','4/492'),(542,'ダイニングチェア','4/492'),(543,'ハイバッグチェア','4/492'),(544,'ロッキングチェア','4/492'),(545,'座椅子','4/492'),(546,'折り畳み椅子','4/492'),(547,'デスクチェア','4/492'),(548,'その他','4/492'),(549,'カウンターテーブル','4/493'),(550,'サイドテーブル','4/493'),(551,'センターテーブル','4/493'),(552,'ダイニングテーブル','4/493'),(553,'座卓/ちゃぶ台','4/493'),(554,'アウトドア用','4/493'),(555,'パソコン用','4/493'),(556,'事務机/学習机','4/493'),(557,'その他','4/493'),(558,'リビング収納','4/494'),(559,'キッチン収納','4/494'),(560,'玄関/屋外収納','4/494'),(561,'バス/トイレ収納','4/494'),(562,'本収納','4/494'),(563,'本/CD/DVD収納','4/494'),(564,'洋服ダンス/押入れ収納','4/494'),(565,'電話代/ファックス台','4/494'),(566,'ドレッサー/鏡台','4/494'),(567,'棚/ラック','4/494'),(568,'ケース/ボックス','4/494'),(569,'その他','4/494'),(570,'ラグ','4/495'),(571,'カーペット','4/495'),(572,'ホットカーペット','4/495'),(573,'玄関/キッチンマット','4/495'),(574,'トイレ/バスマット','4/495'),(575,'その他','4/495'),(576,'カーテン','4/496'),(577,'ブラインド','4/496'),(578,'ロールスクリーン','4/496'),(579,'のれん','4/496'),(580,'その他','4/496'),(581,'蛍光灯/電球','4/497'),(582,'天井照明','4/497'),(583,'フロアスタンド','4/497'),(584,'その他','4/497'),(585,'布団/毛布','4/498'),(586,'枕','4/498'),(587,'シーツ/カバー','4/498'),(588,'その他','4/498'),(589,'ゴミ箱','4/499'),(590,'ウェルカムボード','4/499'),(591,'オルゴール','4/499'),(592,'クッション','4/499'),(593,'クッションカバー','4/499'),(594,'スリッパラック','4/499'),(595,'ティッシュボックス','4/499'),(596,'バスケット/かご','4/499'),(597,'フォトフレーム','4/499'),(598,'マガジンラック','4/499'),(599,'モビール','4/499'),(600,'花瓶','4/499'),(601,'灰皿','4/499'),(602,'傘立て','4/499'),(603,'小物入れ','4/499'),(604,'置時計','4/499'),(605,'掛時計/柱時計','4/499'),(606,'鏡（立て掛け式）','4/499'),(607,'鏡（壁掛け式）','4/499'),(608,'置物','4/499'),(609,'風鈴','4/499'),(610,'植物/観葉植物','4/499'),(611,'その他','4/499'),(612,'正月','4/500'),(613,'成人式','4/500'),(614,'バレンタインデー','4/500'),(615,'ひな祭り','4/500'),(616,'子供の日','4/500'),(617,'母の日','4/500'),(618,'父の日','4/500'),(619,'サマーギフト/お中元','4/500'),(620,'夏/夏休み','4/500'),(621,'ハロウィン','4/500'),(622,'敬老の日','4/500'),(623,'七五三','4/500'),(624,'お歳暮','4/500'),(625,'クリスマス','4/500'),(626,'冬一般','4/500'),(627,'その他','4/500'),(628,'本','5'),(629,'漫画','5'),(630,'雑誌','5'),(631,'CD','5'),(632,'DVD/ブルーレイ','5'),(633,'レコード','5'),(634,'テレビゲーム','5'),(635,'文学/小説','5/628'),(636,'人文/社会','5/628'),(637,'ノンフィクション/教養','5/628'),(638,'地図/旅行ガイド','5/628'),(639,'ビジネス/経済','5/628'),(640,'健康/医学','5/628'),(641,'コンピュータ/IT','5/628'),(642,'趣味/スポーツ/実用','5/628'),(643,'住まい/暮らし/子育て','5/628'),(644,'アート/エンタメ','5/628'),(645,'洋書','5/628'),(646,'絵本','5/628'),(647,'参考書','5/628'),(648,'その他','5/628'),(649,'全巻セット','5/629'),(650,'少年漫画','5/629'),(651,'少女漫画','5/629'),(652,'青年漫画','5/629'),(653,'女性漫画','5/629'),(654,'同人誌','5/629'),(655,'その他','5/629'),(656,'アート/エンタメ/ホビー','5/630'),(657,'ファッション','5/630'),(658,'ニュース/総合','5/630'),(659,'趣味/スポーツ','5/630'),(660,'その他','5/630'),(661,'邦楽','5/631'),(662,'洋楽','5/631'),(663,'アニメ','5/631'),(664,'クラシック','5/631'),(665,'K-POP/アジア','5/631'),(666,'キッズ/ファミリー','5/631'),(667,'その他','5/631'),(668,'外国映画','5/632'),(669,'日本映画','5/632'),(670,'アニメ','5/632'),(671,'TVドラマ','5/632'),(672,'ミュージック','5/632'),(673,'お笑い/バラエティ','5/632'),(674,'スポーツ/フィットネス','5/632'),(675,'キッズ/ファミリー','5/632'),(676,'その他','5/632'),(677,'邦楽','5/633'),(678,'洋楽','5/633'),(679,'その他','5/633'),(680,'家庭用ゲーム本体','5/634'),(681,'家庭用ゲームソフト','5/634'),(682,'携帯用ゲーム本体','5/634'),(683,'携帯用ゲームソフト','5/634'),(684,'PCゲーム','5/634'),(685,'その他','5/634'),(686,'おもちゃ','6'),(687,'タレントグッズ','6'),(688,'コミック/アニメグッズ','6'),(689,'トレーディングカード','6'),(690,'フィギュア','6'),(691,'楽器/機材','6'),(692,'コレクション','6'),(693,'ミリタリー','6'),(694,'美術品','6'),(695,'アート用品','6'),(696,'その他','6'),(697,'キャラクターグッズ','6/686'),(698,'ぬいぐるみ','6/686'),(699,'小物/アクセサリー','6/686'),(700,'模型/プラモデル','6/686'),(701,'ミニカー','6/686'),(702,'トイラジコン','6/686'),(703,'プラモデル','6/686'),(704,'ホビーラジコン','6/686'),(705,'鉄道模型','6/686'),(706,'その他','6/686'),(707,'アイドル','6/687'),(708,'ミュージシャン','6/687'),(709,'タレント/お笑い芸人','6/687'),(710,'スポーツ選手','6/687'),(711,'その他','6/687'),(712,'ストラップ','6/688'),(713,'キーホルダー','6/688'),(714,'バッジ','6/688'),(715,'カード','6/688'),(716,'クリアファイル','6/688'),(717,'ポスター','6/688'),(718,'タオル','6/688'),(719,'その他','6/688'),(720,'遊戯王','6/689'),(721,'マジック：ザ・ギャザリング','6/689'),(722,'ポケモンカードゲーム','6/689'),(723,'デュエルマスターズ','6/689'),(724,'バトルスピリッツ','6/689'),(725,'プリパラ','6/689'),(726,'アイカツ','6/689'),(727,'カードファイト！！ヴァンガード','6/689'),(728,'プロ野球オーナーズリーグ','6/689'),(729,'ベースボールヒーローズ','6/689'),(730,'ドラゴンボール','6/689'),(731,'スリーブ','6/689'),(732,'その他','6/689'),(733,'コミック/アニメ','6/690'),(734,'特撮','6/690'),(735,'ゲームキャラクター','6/690'),(736,'SF/ファンタジー/ホラー','6/690'),(737,'アメコミ','6/690'),(738,'スポーツ','6/690'),(739,'ミリタリー','6/690'),(740,'その他','6/690'),(741,'エレキギター','6/691'),(742,'アコースティックギター','6/691'),(743,'ベース','6/691'),(744,'エフェクター','6/691'),(745,'アンプ','6/691'),(746,'弦楽器','6/691'),(747,'管楽器','6/691'),(748,'鍵盤楽器','6/691'),(749,'打楽器','6/691'),(750,'和楽器','6/691'),(751,'楽譜/スコア','6/691'),(752,'レコーディング/PA機器','6/691'),(753,'DJ機器','6/691'),(754,'DTM/DAW','6/691'),(755,'その他','6/691'),(756,'武具','6/692'),(757,'使用済切手/官製はがき','6/692'),(758,'旧紙幣/金貨/銀貨/記念硬貨','6/692'),(759,'印刷物','6/692'),(760,'ノベルティグッズ','6/692'),(761,'その他','6/692'),(762,'トイガン','6/693'),(763,'個人装備','6/693'),(764,'その他','6/693'),(765,'陶芸','6/694'),(766,'ガラス','6/694'),(767,'漆芸','6/694'),(768,'金属工芸','6/694'),(769,'絵画/タペストリ','6/694'),(770,'版画','6/694'),(771,'彫刻/オブジェクト','6/694'),(772,'書','6/694'),(773,'写真','6/694'),(774,'その他','6/694'),(775,'画材','6/695'),(776,'額縁','6/695'),(777,'その他','6/695'),(778,'トランプ/UNO','6/696'),(779,'カルタ/百人一首','6/696'),(780,'ダーツ','6/696'),(781,'ビリヤード','6/696'),(782,'麻雀','6/696'),(783,'パズル/ジグソーパズル','6/696'),(784,'囲碁/将棋','6/696'),(785,'オセロ/チェス','6/696'),(786,'人生ゲーム','6/696'),(787,'野球/サッカーゲーム','6/696'),(788,'スポーツ','6/696'),(789,'三輪車/乗り物','6/696'),(790,'模型制作用品','6/696'),(791,'鉄道','6/696'),(792,'航空機','6/696'),(793,'アマチュア無線','6/696'),(794,'パチンコ/パチスロ','6/696'),(795,'その他','6/696'),(796,'ベースメイク','7'),(797,'メイクアップ','7'),(798,'ネイルケア','7'),(799,'香水','7'),(800,'スキンケア/基礎化粧品','7'),(801,'ヘアケア','7'),(802,'ボディケア','7'),(803,'オーラルケア','7'),(804,'リラクゼーション','7'),(805,'ダイエット','7'),(806,'その他','7'),(807,'ファンデーション','7/796'),(808,'化粧下地','7/796'),(809,'コントロールカラー','7/796'),(810,'BBクリーム','7/796'),(811,'CCクリーム','7/796'),(812,'コンシーラー','7/796'),(813,'フェイスパウダー','7/796'),(814,'トライアルセット/サンプル','7/796'),(815,'その他','7/796'),(816,'アイシャドウ','7/797'),(817,'口紅','7/797'),(818,'リップグロス','7/797'),(819,'リップライナー','7/797'),(820,'チーク','7/797'),(821,'フェイスカラー','7/797'),(822,'マスカラ','7/797'),(823,'アイライナー','7/797'),(824,'つけまつげ','7/797'),(825,'アイブロウペンシル','7/797'),(826,'パウダーアイブロウ','7/797'),(827,'眉マスカラ','7/797'),(828,'トライアルセット/サンプル','7/797'),(829,'メイク道具/化粧小物','7/797'),(830,'美顔用品/美顔ローラー','7/797'),(831,'その他','7/797'),(832,'ネイルカラー','7/798'),(833,'カラーシェル','7/798'),(834,'ネイルベースコート/トップコート','7/798'),(835,'ネイルアート用品','7/798'),(836,'ネイルパーツ','7/798'),(837,'ネイルチップ/付け爪','7/798'),(838,'手入れ用具','7/798'),(839,'除光液','7/798'),(840,'その他','7/798'),(841,'香水（女性用）','7/799'),(842,'香水（男性用）','7/799'),(843,'ユニセックス','7/799'),(844,'ボディミスト','7/799'),(845,'その他','7/799'),(846,'化粧水/ローション','7/800'),(847,'乳液/ミルク','7/800'),(848,'美容液','7/800'),(849,'フェイスクリーム','7/800'),(850,'洗顔料','7/800'),(851,'クレンジング/メイク落とし','7/800'),(852,'パック/フェイスマスク','7/800'),(853,'ジェル/ゲル','7/800'),(854,'ブースター/導入液','7/800'),(855,'アイケア','7/800'),(856,'リップケア','7/800'),(857,'トライアルセット/サンプル','7/800'),(858,'洗顔グッズ','7/800'),(859,'その他','7/800'),(860,'シャンプー','7/801'),(861,'トリートメント','7/801'),(862,'コンディショナー','7/801'),(863,'リンス','7/801'),(864,'スタイリング剤','7/801'),(865,'カラーリング','7/801'),(866,'ブラシ','7/801'),(867,'その他','7/801'),(868,'オイル/クリーム','7/802'),(869,'ハンドクリーム','7/802'),(870,'ローション','7/802'),(871,'日焼け止め/サンオイル','7/802'),(872,'ボディソープ','7/802'),(873,'入浴剤','7/802'),(874,'制汗/デオドラント','7/802'),(875,'フットケア','7/802'),(876,'その他','7/802'),(877,'口臭防止/エチケット用品','7/803'),(878,'歯ブラシ','7/803'),(879,'その他','7/803'),(880,'エッセンシャルオイル','7/804'),(881,'芳香器','7/804'),(882,'お香/香炉','7/804'),(883,'キャンドル','7/804'),(884,'リラクゼーショングッズ','7/804'),(885,'その他','7/804'),(886,'ダイエット食品','7/805'),(887,'エクササイズ用品','7/805'),(888,'体重計','7/805'),(889,'体脂肪計','7/805'),(890,'その他','7/805'),(891,'健康用品','7/806'),(892,'看護/介護用品','7/806'),(893,'救急/衛生用品','7/806'),(894,'その他','7/806'),(895,'スマートフォン/携帯電話','8'),(896,'スマホアクセサリー','8'),(897,'PC/タブレット','8'),(898,'カメラ','8'),(899,'テレビ/映像機器','8'),(900,'オーディオ機器','8'),(901,'美容/健康','8'),(902,'冷暖房/空調','8'),(903,'生活家電','8'),(904,'その他','8'),(905,'スマートフォン本体','8/895'),(906,'バッテリー/充電器','8/895'),(907,'携帯電話本体','8/895'),(908,'PHS本体','8/895'),(909,'その他','8/895'),(910,'Android用ケース','8/896'),(911,'iPhone用ケース','8/896'),(912,'カバー','8/896'),(913,'イヤホンジャック','8/896'),(914,'ストラップ','8/896'),(915,'フィルム','8/896'),(916,'自撮り棒','8/896'),(917,'その他','8/896'),(918,'タブレット','8/897'),(919,'ノートPC','8/897'),(920,'デスクトップ型PC','8/897'),(921,'ディスプレイ','8/897'),(922,'電子ブックリーダー','8/897'),(923,'PC周辺機器','8/897'),(924,'PCパーツ','8/897'),(925,'その他','8/897'),(926,'デジタルカメラ','8/898'),(927,'ビデオカメラ','8/898'),(928,'レンズ（単焦点）','8/898'),(929,'レンズ（ズーム）','8/898'),(930,'フィルムカメラ','8/898'),(931,'防犯カメラ','8/898'),(932,'その他','8/898'),(933,'テレビ','8/899'),(934,'プロジェクター','8/899'),(935,'ブルーレイレコーダー','8/899'),(936,'DVDレコーダー','8/899'),(937,'ブルーレイプレーヤー','8/899'),(938,'DVDプレーヤー','8/899'),(939,'映像用ケーブル','8/899'),(940,'その他','8/899'),(941,'ポータブルプレーヤー','8/900'),(942,'イヤフォン','8/900'),(943,'ヘッドフォン','8/900'),(944,'アンプ','8/900'),(945,'スピーカー','8/900'),(946,'ケーブル/シールド','8/900'),(947,'ラジオ','8/900'),(948,'その他','8/900'),(949,'ヘアドライヤー','8/901'),(950,'ヘアアイロン','8/901'),(951,'美容機器','8/901'),(952,'電気シェーバー','8/901'),(953,'電動歯ブラシ','8/901'),(954,'その他','8/901'),(955,'エアコン','8/902'),(956,'空気清浄器','8/902'),(957,'加湿器','8/902'),(958,'扇風機','8/902'),(959,'除湿機','8/902'),(960,'ファンヒーター','8/902'),(961,'電気ヒーター','8/902'),(962,'オイルヒーター','8/902'),(963,'ストーブ','8/902'),(964,'ホットカーペット','8/902'),(965,'こたつ','8/902'),(966,'電気毛布','8/902'),(967,'その他','8/902'),(968,'冷蔵庫','8/903'),(969,'洗濯機','8/903'),(970,'炊飯器','8/903'),(971,'電子レンジ/オーブン','8/903'),(972,'調理機器','8/903'),(973,'アイロン','8/903'),(974,'掃除機','8/903'),(975,'エスプレッソマシン','8/903'),(976,'コーヒーメーカー','8/903'),(977,'衣類乾燥機','8/903'),(978,'その他','8/903'),(979,'その他','8/904'),(980,'ゴルフ','9'),(981,'フィッシング','9'),(982,'自転車','9'),(983,'トレーニング/エクササイズ','9'),(984,'野球','9'),(985,'サッカー/フットサル','9'),(986,'テニス','9'),(987,'スノーボード','9'),(988,'スキー','9'),(989,'その他スポーツ','9'),(990,'アウトドア','9'),(991,'その他','9'),(992,'クラブ','9/980'),(993,'ウエア（男性用）','9/980'),(994,'ウエア（女性用）','9/980'),(995,'バッグ','9/980'),(996,'シューズ（男性用）','9/980'),(997,'シューズ（女性用）','9/980'),(998,'アクセサリー','9/980'),(999,'その他','9/980'),(1000,'ロッド','9/981'),(1001,'リール','9/981'),(1002,'ルアー用品','9/981'),(1003,'ウエア','9/981'),(1004,'釣り糸/ライン','9/981'),(1005,'その他','9/981'),(1006,'自転車本体','9/982'),(1007,'ウエア','9/982'),(1008,'パーツ','9/982'),(1009,'アクセサリー','9/982'),(1010,'バッグ','9/982'),(1011,'工具/メンテナンス','9/982'),(1012,'その他','9/982'),(1013,'ランニング','9/983'),(1014,'ウォーキング','9/983'),(1015,'ヨガ','9/983'),(1016,'トレーニング用品','9/983'),(1017,'その他','9/983'),(1018,'ウエア','9/984'),(1019,'シューズ','9/984'),(1020,'グローブ','9/984'),(1021,'バット','9/984'),(1022,'アクセサリー','9/984'),(1023,'防具','9/984'),(1024,'練習機器','9/984'),(1025,'記念グッズ','9/984'),(1026,'応援グッズ','9/984'),(1027,'その他','9/984'),(1028,'ウエア','9/985'),(1029,'シューズ','9/985'),(1030,'ボール','9/985'),(1031,'アクセサリー','9/985'),(1032,'記念グッズ','9/985'),(1033,'応援グッズ','9/985'),(1034,'その他','9/985'),(1035,'ラケット（硬式用）','9/986'),(1036,'ラケット（軟式用）','9/986'),(1037,'ウエア','9/986'),(1038,'シューズ','9/986'),(1039,'ボール','9/986'),(1040,'アクセサリー','9/986'),(1041,'記念グッズ','9/986'),(1042,'応援グッズ','9/986'),(1043,'その他','9/986'),(1044,'ボード','9/987'),(1045,'バインディング','9/987'),(1046,'ブーツ（男性用）','9/987'),(1047,'ブーツ（女性用）','9/987'),(1048,'ブーツ（子ども用）','9/987'),(1049,'ウエア/装備（男性用）','9/987'),(1050,'ウエア/装備（女性用）','9/987'),(1051,'ウエア/装備（子ども用）','9/987'),(1052,'アクセサリー','9/987'),(1053,'バッグ','9/987'),(1054,'その他','9/987'),(1055,'板','9/988'),(1056,'ブーツ（男性用）','9/988'),(1057,'ブーツ（女性用）','9/988'),(1058,'ブーツ（子ども用）','9/988'),(1059,'ビンディング','9/988'),(1060,'ウエア（男性用）','9/988'),(1061,'ウエア（女性用）','9/988'),(1062,'ウエア（子ども用）','9/988'),(1063,'ストック','9/988'),(1064,'その他','9/988'),(1065,'ダンス/バレエ','9/989'),(1066,'サーフィン','9/989'),(1067,'バスケットボール','9/989'),(1068,'バドミントン','9/989'),(1069,'バレーボール','9/989'),(1070,'スケートボード','9/989'),(1071,'陸上競技','9/989'),(1072,'ラグビー','9/989'),(1073,'アメリカンフットボール','9/989'),(1074,'ボクシング','9/989'),(1075,'ボウリング','9/989'),(1076,'その他','9/989'),(1077,'テント/タープ','9/990'),(1078,'ライト／ランタン','9/990'),(1079,'寝袋/寝具','9/990'),(1080,'テーブル/チェア','9/990'),(1081,'ストーブ/コンロ','9/990'),(1082,'調理器具','9/990'),(1083,'食器','9/990'),(1084,'登山用品','9/990'),(1085,'その他','9/990'),(1086,'旅行用品','9/991'),(1087,'その他','9/991'),(1088,'アクセサリー（女性用）','10'),(1089,'ファッション/小物','10'),(1090,'アクセサリー/時計','10'),(1091,'日用品/インテリア','10'),(1092,'趣味/おもちゃ','10'),(1093,'キッズ/ベビー','10'),(1094,'素材/材料','10'),(1095,'二次創作物','10'),(1096,'その他','10'),(1097,'ピアス','10/1088'),(1098,'イアリング','10/1088'),(1099,'ネックレス','10/1088'),(1100,'ブレスレット','10/1088'),(1101,'リング','10/1088'),(1102,'チャーム','10/1088'),(1103,'ヘアゴム','10/1088'),(1104,'アンクレット','10/1088'),(1105,'その他','10/1088'),(1106,'バッグ（女性用）','10/1089'),(1107,'バッグ（男性用）','10/1089'),(1108,'財布（女性用）','10/1089'),(1109,'財布（男性用）','10/1089'),(1110,'ファッション雑貨','10/1089'),(1111,'その他','10/1089'),(1112,'アクセサリー（男性用）','10/1090'),(1113,'時計（女性用）','10/1090'),(1114,'時計（男性用）','10/1090'),(1115,'その他','10/1090'),(1116,'キッチン用品','10/1091'),(1117,'家具','10/1091'),(1118,'文房具','10/1091'),(1119,'アート/写真','10/1091'),(1120,'アロマ/キャンドル','10/1091'),(1121,'フラワー/ガーデン','10/1091'),(1122,'その他','10/1091'),(1123,'クラフト/布製品','10/1092'),(1124,'おもちゃ/人形','10/1092'),(1125,'その他','10/1092'),(1126,'ファッション雑貨','10/1093'),(1127,'スタイ/よだれかけ','10/1093'),(1128,'外出用品','10/1093'),(1129,'ネームタグ','10/1093'),(1130,'その他','10/1093'),(1131,'各種パーツ','10/1094'),(1132,'生地/糸','10/1094'),(1133,'型紙/パターン','10/1094'),(1134,'その他','10/1094'),(1135,'Ingress','10/1095'),(1136,'クリエイターズ宇宙兄弟','10/1095'),(1137,'音楽','11'),(1138,'スポーツ','11'),(1139,'演劇/芸能','11'),(1140,'イベント','11'),(1141,'映画','11'),(1142,'施設利用券','11'),(1143,'優待券/割引券','11'),(1144,'その他','11'),(1145,'男性アイドル','11/1137'),(1146,'女性アイドル','11/1137'),(1147,'韓流','11/1137'),(1148,'国内アーティスト','11/1137'),(1149,'海外アーティスト','11/1137'),(1150,'音楽フェス','11/1137'),(1151,'声優/アニメ','11/1137'),(1152,'その他','11/1137'),(1153,'サッカー','11/1138'),(1154,'野球','11/1138'),(1155,'テニス','11/1138'),(1156,'格闘技/プロレス','11/1138'),(1157,'相撲/武道','11/1138'),(1158,'ゴルフ','11/1138'),(1159,'バレーボール','11/1138'),(1160,'バスケットボール','11/1138'),(1161,'モータースポーツ','11/1138'),(1162,'ウィンタースポーツ','11/1138'),(1163,'その他','11/1138'),(1164,'ミュージカル','11/1139'),(1165,'演劇','11/1139'),(1166,'伝統芸能','11/1139'),(1167,'落語','11/1139'),(1168,'お笑い','11/1139'),(1169,'オペラ','11/1139'),(1170,'サーカス','11/1139'),(1171,'バレエ','11/1139'),(1172,'その他','11/1139'),(1173,'声優/アニメ','11/1140'),(1174,'キッズ/ファミリー','11/1140'),(1175,'トークショー/講演会','11/1140'),(1176,'その他','11/1140'),(1177,'邦画','11/1141'),(1178,'洋画','11/1141'),(1179,'その他','11/1141'),(1180,'遊園地/テーマパーク','11/1142'),(1181,'美術館/博物館','11/1142'),(1182,'スキー場','11/1142'),(1183,'ゴルフ場','11/1142'),(1184,'フィットネスクラブ','11/1142'),(1185,'プール','11/1142'),(1186,'ボウリング場','11/1142'),(1187,'水族館','11/1142'),(1188,'動物園','11/1142'),(1189,'その他','11/1142'),(1190,'ショッピング','11/1143'),(1191,'レストラン/食事券','11/1143'),(1192,'フード/ドリンク券','11/1143'),(1193,'宿泊券','11/1143'),(1194,'その他','11/1143'),(1195,'自動車本体','12'),(1196,'自動車タイヤ/ホイール','12'),(1197,'自動車パーツ','12'),(1198,'自動車アクセサリー','12'),(1199,'オートバイ車体','12'),(1200,'オートバイパーツ','12'),(1201,'オートバイアクセサリー','12'),(1202,'国内自動車本体','12/1195'),(1203,'海外自動車本体','12/1195'),(1204,'タイヤ/ホイールセット','12/1196'),(1205,'タイヤ','12/1196'),(1206,'ホイール','12/1196'),(1207,'その他','12/1196'),(1208,'サスペンション','12/1197'),(1209,'ブレーキ','12/1197'),(1210,'外装、エアロパーツ','12/1197'),(1211,'ライト','12/1197'),(1212,'内装品、シート','12/1197'),(1213,'ステアリング','12/1197'),(1214,'マフラー・排気系','12/1197'),(1215,'エンジン、過給機、冷却装置','12/1197'),(1216,'クラッチ、ミッション、駆動系','12/1197'),(1217,'電装品','12/1197'),(1218,'補強パーツ','12/1197'),(1219,'汎用パーツ','12/1197'),(1220,'外国自動車用パーツ','12/1197'),(1221,'その他','12/1197'),(1222,'車内アクセサリー','12/1198'),(1223,'カーナビ','12/1198'),(1224,'車外アクセサリー','12/1198'),(1225,'メンテナンス用品','12/1198'),(1226,'チャイルドシート','12/1198'),(1227,'ドライブレコーダー','12/1198'),(1228,'レーダー探知機','12/1198'),(1229,'カタログ/マニュアル','12/1198'),(1230,'セキュリティ','12/1198'),(1231,'ETC','12/1198'),(1232,'その他','12/1198'),(1233,'タイヤ','12/1200'),(1234,'マフラー','12/1200'),(1235,'エンジン、冷却装置','12/1200'),(1236,'カウル、フェンダー、外装','12/1200'),(1237,'サスペンション','12/1200'),(1238,'ホイール','12/1200'),(1239,'シート','12/1200'),(1240,'ブレーキ','12/1200'),(1241,'タンク','12/1200'),(1242,'ライト、ウィンカー','12/1200'),(1243,'チェーン、スプロケット、駆動系','12/1200'),(1244,'メーター','12/1200'),(1245,'電装系','12/1200'),(1246,'ミラー','12/1200'),(1247,'外国オートバイ用パーツ','12/1200'),(1248,'その他','12/1200'),(1249,'ヘルメット/シールド','12/1201'),(1250,'バイクウエア/装備','12/1201'),(1251,'アクセサリー','12/1201'),(1252,'メンテナンス','12/1201'),(1253,'カタログ/マニュアル','12/1201'),(1254,'その他','12/1201'),(1255,'まとめ売り','13'),(1256,'ペット用品','13'),(1257,'食品','13'),(1258,'飲料/酒','13'),(1259,'日用品/生活雑貨/旅行','13'),(1260,'アンティーク/コレクション','13'),(1261,'文房具/事務用品','13'),(1262,'事務/店舗用品','13'),(1263,'その他','13'),(1264,'ペットフード','13/1256'),(1265,'犬用品','13/1256'),(1266,'猫用品','13/1256'),(1267,'魚用品/水草','13/1256'),(1268,'小動物用品','13/1256'),(1269,'爬虫類/両生類用品','13/1256'),(1270,'かご/おり','13/1256'),(1271,'鳥用品','13/1256'),(1272,'虫類用品','13/1256'),(1273,'その他','13/1256'),(1274,'菓子','13/1257'),(1275,'米','13/1257'),(1276,'野菜','13/1257'),(1277,'果物','13/1257'),(1278,'調味料','13/1257'),(1279,'魚介類（加工食品）','13/1257'),(1280,'肉類（加工食品）','13/1257'),(1281,'その他 加工食品','13/1257'),(1282,'その他','13/1257'),(1283,'コーヒー','13/1258'),(1284,'ソフトドリンク','13/1258'),(1285,'ミネラルウォーター','13/1258'),(1286,'茶','13/1258'),(1287,'ウィスキー','13/1258'),(1288,'ワイン','13/1258'),(1289,'ブランデー','13/1258'),(1290,'焼酎','13/1258'),(1291,'日本酒','13/1258'),(1292,'ビール、発泡酒','13/1258'),(1293,'その他','13/1258'),(1294,'タオル/バス用品','13/1259'),(1295,'日用品/生活雑貨','13/1259'),(1296,'洗剤/柔軟剤','13/1259'),(1297,'旅行用品','13/1259'),(1298,'防災関連グッズ','13/1259'),(1299,'その他','13/1259'),(1300,'雑貨','13/1260'),(1301,'工芸品','13/1260'),(1302,'家具','13/1260'),(1303,'印刷物','13/1260'),(1304,'その他','13/1260'),(1305,'筆記用具','13/1261'),(1306,'ノート/メモ帳','13/1261'),(1307,'テープ/マスキングテープ','13/1261'),(1308,'カレンダー/スケジュール','13/1261'),(1309,'アルバム/スクラップ','13/1261'),(1310,'ファイル/バインダー','13/1261'),(1311,'はさみ/カッター','13/1261'),(1312,'カードホルダー/名刺管理','13/1261'),(1313,'のり/ホッチキス','13/1261'),(1314,'その他','13/1261'),(1315,'オフィス用品一般','13/1262'),(1316,'オフィス家具','13/1262'),(1317,'店舗用品','13/1262'),(1318,'OA機器','13/1262'),(1319,'ラッピング/包装','13/1262'),(1320,'その他','13/1262');
/*!40000 ALTER TABLE `categories` ENABLE KEYS */;
UNLOCK TABLES;

--
-- Table structure for table `categories_groups`
--

DROP TABLE IF EXISTS `categories_groups`;
/*!40101 SET @saved_cs_client     = @@character_set_client */;
/*!40101 SET character_set_client = utf8 */;
CREATE TABLE `categories_groups` (
  `id` int(11) NOT NULL AUTO_INCREMENT,
  `item_id` int(11) DEFAULT NULL,
  `category_id` int(11) DEFAULT NULL,
  `created_at` datetime NOT NULL,
  `updated_at` datetime NOT NULL,
  PRIMARY KEY (`id`),
  KEY `index_categoriegroups_on_item_id` (`item_id`),
  KEY `index_categoriegroups_on_category_id` (`category_id`),
  CONSTRAINT `fk_rails_bba1975486` FOREIGN KEY (`category_id`) REFERENCES `categories` (`id`),
  CONSTRAINT `fk_rails_ed46a324a9` FOREIGN KEY (`item_id`) REFERENCES `items` (`id`)
) ENGINE=InnoDB AUTO_INCREMENT=51 DEFAULT CHARSET=utf8;
/*!40101 SET character_set_client = @saved_cs_client */;

--
-- Dumping data for table `categories_groups`
--

LOCK TABLES `categories_groups` WRITE;
/*!40000 ALTER TABLE `categories_groups` DISABLE KEYS */;
INSERT INTO `categories_groups` VALUES (1,15,3,'2019-03-10 15:54:50','2019-03-10 15:54:50'),(2,49,3,'2019-03-10 15:54:50','2019-03-10 15:54:50'),(3,13,1,'2019-03-10 15:54:50','2019-03-10 15:54:50'),(4,38,2,'2019-03-10 15:54:50','2019-03-10 15:54:50'),(5,39,2,'2019-03-10 15:54:50','2019-03-10 15:54:50'),(6,37,3,'2019-03-10 15:54:50','2019-03-10 15:54:50'),(7,46,2,'2019-03-10 15:54:50','2019-03-10 15:54:50'),(8,1,4,'2019-03-10 15:54:50','2019-03-10 15:54:50'),(9,22,3,'2019-03-10 15:54:50','2019-03-10 15:54:50'),(10,2,4,'2019-03-10 15:54:50','2019-03-10 15:54:50'),(11,7,3,'2019-03-10 15:54:50','2019-03-10 15:54:50'),(12,27,2,'2019-03-10 15:54:50','2019-03-10 15:54:50'),(13,12,1,'2019-03-10 15:54:50','2019-03-10 15:54:50'),(14,16,2,'2019-03-10 15:54:50','2019-03-10 15:54:50'),(15,44,1,'2019-03-10 15:54:50','2019-03-10 15:54:50'),(16,47,1,'2019-03-10 15:54:50','2019-03-10 15:54:50'),(17,28,1,'2019-03-10 15:54:50','2019-03-10 15:54:50'),(18,41,1,'2019-03-10 15:54:50','2019-03-10 15:54:50'),(19,19,1,'2019-03-10 15:54:50','2019-03-10 15:54:50'),(20,34,2,'2019-03-10 15:54:50','2019-03-10 15:54:50'),(21,10,3,'2019-03-10 15:54:50','2019-03-10 15:54:50'),(22,23,4,'2019-03-10 15:54:50','2019-03-10 15:54:50'),(23,4,2,'2019-03-10 15:54:50','2019-03-10 15:54:50'),(24,40,2,'2019-03-10 15:54:50','2019-03-10 15:54:50'),(25,26,1,'2019-03-10 15:54:50','2019-03-10 15:54:50'),(26,25,3,'2019-03-10 15:54:50','2019-03-10 15:54:50'),(27,18,2,'2019-03-10 15:54:50','2019-03-10 15:54:50'),(28,17,1,'2019-03-10 15:54:50','2019-03-10 15:54:50'),(29,35,4,'2019-03-10 15:54:50','2019-03-10 15:54:50'),(30,24,2,'2019-03-10 15:54:50','2019-03-10 15:54:50'),(31,30,4,'2019-03-10 15:54:50','2019-03-10 15:54:50'),(32,3,3,'2019-03-10 15:54:50','2019-03-10 15:54:50'),(33,43,4,'2019-03-10 15:54:50','2019-03-10 15:54:50'),(34,20,3,'2019-03-10 15:54:50','2019-03-10 15:54:50'),(35,21,1,'2019-03-10 15:54:50','2019-03-10 15:54:50'),(36,8,3,'2019-03-10 15:54:50','2019-03-10 15:54:50'),(37,9,4,'2019-03-10 15:54:50','2019-03-10 15:54:50'),(38,32,1,'2019-03-10 15:54:50','2019-03-10 15:54:50'),(39,42,4,'2019-03-10 15:54:50','2019-03-10 15:54:50'),(40,11,1,'2019-03-10 15:54:50','2019-03-10 15:54:50'),(41,14,1,'2019-03-10 15:54:50','2019-03-10 15:54:50'),(42,36,1,'2019-03-10 15:54:50','2019-03-10 15:54:50'),(43,45,2,'2019-03-10 15:54:50','2019-03-10 15:54:50'),(44,6,3,'2019-03-10 15:54:50','2019-03-10 15:54:50'),(45,50,2,'2019-03-10 15:54:50','2019-03-10 15:54:50'),(46,33,2,'2019-03-10 15:54:50','2019-03-10 15:54:50'),(47,48,2,'2019-03-10 15:54:50','2019-03-10 15:54:50'),(48,29,2,'2019-03-10 15:54:50','2019-03-10 15:54:50'),(49,5,2,'2019-03-10 15:54:50','2019-03-10 15:54:50'),(50,31,2,'2019-03-10 15:54:50','2019-03-10 15:54:50');
/*!40000 ALTER TABLE `categories_groups` ENABLE KEYS */;
UNLOCK TABLES;

--
-- Table structure for table `comments`
--

DROP TABLE IF EXISTS `comments`;
/*!40101 SET @saved_cs_client     = @@character_set_client */;
/*!40101 SET character_set_client = utf8 */;
CREATE TABLE `comments` (
  `id` int(11) NOT NULL AUTO_INCREMENT,
  `user_id` int(11) NOT NULL,
  `item_id` int(11) NOT NULL,
  `text` text NOT NULL,
  `created_at` datetime NOT NULL,
  `updated_at` datetime NOT NULL,
  PRIMARY KEY (`id`),
  KEY `index_comments_on_user_id` (`user_id`),
  KEY `index_comments_on_item_id` (`item_id`),
  CONSTRAINT `fk_rails_03de2dc08c` FOREIGN KEY (`user_id`) REFERENCES `users` (`id`),
  CONSTRAINT `fk_rails_7bdc86a126` FOREIGN KEY (`item_id`) REFERENCES `items` (`id`)
) ENGINE=InnoDB DEFAULT CHARSET=utf8;
/*!40101 SET character_set_client = @saved_cs_client */;

--
-- Dumping data for table `comments`
--

LOCK TABLES `comments` WRITE;
/*!40000 ALTER TABLE `comments` DISABLE KEYS */;
/*!40000 ALTER TABLE `comments` ENABLE KEYS */;
UNLOCK TABLES;

--
-- Table structure for table `images`
--

DROP TABLE IF EXISTS `images`;
/*!40101 SET @saved_cs_client     = @@character_set_client */;
/*!40101 SET character_set_client = utf8 */;
CREATE TABLE `images` (
  `id` int(11) NOT NULL AUTO_INCREMENT,
  `item_id` int(11) NOT NULL,
  `image_url` varchar(255) NOT NULL,
  `created_at` datetime NOT NULL,
  `updated_at` datetime NOT NULL,
  PRIMARY KEY (`id`),
  KEY `index_images_on_item_id` (`item_id`),
  CONSTRAINT `fk_rails_63c410e8ba` FOREIGN KEY (`item_id`) REFERENCES `items` (`id`)
) ENGINE=InnoDB AUTO_INCREMENT=51 DEFAULT CHARSET=utf8;
/*!40101 SET character_set_client = @saved_cs_client */;

--
-- Dumping data for table `images`
--

LOCK TABLES `images` WRITE;
/*!40000 ALTER TABLE `images` DISABLE KEYS */;
INSERT INTO `images` VALUES (1,1,'no_image.jpg','2019-03-11 07:37:37','2019-03-11 01:47:12'),(2,21,'no_image.jpg','2019-03-11 04:04:59','2019-03-11 01:01:59'),(3,3,'no_image.jpg','2019-03-09 21:24:17','2019-03-10 22:24:52'),(4,35,'no_image.jpg','2019-03-09 16:44:58','2019-03-10 11:15:51'),(5,6,'no_image.jpg','2019-03-09 19:28:53','2019-03-10 13:05:25'),(6,11,'no_image.jpg','2019-03-10 09:32:23','2019-03-09 23:58:10'),(7,13,'no_image.jpg','2019-03-10 19:57:00','2019-03-09 17:00:15'),(8,18,'no_image.jpg','2019-03-10 08:57:30','2019-03-09 17:14:35'),(9,7,'no_image.jpg','2019-03-09 21:15:48','2019-03-09 17:59:51'),(10,50,'no_image.jpg','2019-03-09 22:40:46','2019-03-09 21:16:58'),(11,33,'no_image.jpg','2019-03-11 09:35:55','2019-03-11 13:40:21'),(12,49,'no_image.jpg','2019-03-09 19:57:51','2019-03-10 05:06:55'),(13,5,'no_image.jpg','2019-03-10 18:08:20','2019-03-09 15:44:10'),(14,31,'no_image.jpg','2019-03-11 07:12:08','2019-03-11 05:30:55'),(15,8,'no_image.jpg','2019-03-10 02:29:59','2019-03-10 01:14:22'),(16,36,'no_image.jpg','2019-03-10 18:43:39','2019-03-10 09:20:26'),(17,32,'no_image.jpg','2019-03-10 04:48:13','2019-03-11 02:07:52'),(18,14,'no_image.jpg','2019-03-09 16:09:21','2019-03-10 16:19:37'),(19,43,'no_image.jpg','2019-03-10 02:55:42','2019-03-11 11:22:58'),(20,27,'no_image.jpg','2019-03-10 20:52:05','2019-03-10 23:47:55'),(21,30,'no_image.jpg','2019-03-11 08:32:36','2019-03-10 19:58:41'),(22,42,'no_image.jpg','2019-03-11 05:34:56','2019-03-09 21:51:01'),(23,37,'no_image.jpg','2019-03-10 19:38:44','2019-03-11 09:47:03'),(24,16,'no_image.jpg','2019-03-10 14:48:40','2019-03-11 13:12:56'),(25,39,'no_image.jpg','2019-03-10 04:38:52','2019-03-10 02:35:49'),(26,29,'no_image.jpg','2019-03-11 07:08:43','2019-03-10 17:02:04'),(27,47,'no_image.jpg','2019-03-10 06:48:04','2019-03-10 21:09:43'),(28,12,'no_image.jpg','2019-03-11 03:42:27','2019-03-10 17:46:11'),(29,23,'no_image.jpg','2019-03-10 13:27:28','2019-03-11 07:39:47'),(30,38,'no_image.jpg','2019-03-11 03:54:33','2019-03-09 21:04:56'),(31,41,'no_image.jpg','2019-03-10 06:26:45','2019-03-10 12:56:01'),(32,22,'no_image.jpg','2019-03-09 23:56:16','2019-03-11 00:43:02'),(33,26,'no_image.jpg','2019-03-10 14:09:32','2019-03-09 23:05:42'),(34,46,'no_image.jpg','2019-03-10 09:30:00','2019-03-11 08:32:25'),(35,45,'no_image.jpg','2019-03-11 14:53:22','2019-03-10 18:36:48'),(36,10,'no_image.jpg','2019-03-10 08:47:39','2019-03-10 16:54:15'),(37,40,'no_image.jpg','2019-03-10 16:29:25','2019-03-11 09:03:32'),(38,19,'no_image.jpg','2019-03-11 12:01:40','2019-03-10 17:22:22'),(39,15,'no_image.jpg','2019-03-10 05:53:30','2019-03-10 07:44:12'),(40,20,'no_image.jpg','2019-03-10 07:32:59','2019-03-11 11:29:46'),(41,44,'no_image.jpg','2019-03-10 14:34:00','2019-03-10 04:47:28'),(42,2,'no_image.jpg','2019-03-11 04:38:22','2019-03-09 23:50:34'),(43,34,'no_image.jpg','2019-03-09 17:39:49','2019-03-10 13:18:14'),(44,25,'no_image.jpg','2019-03-09 21:03:05','2019-03-10 10:04:11'),(45,48,'no_image.jpg','2019-03-10 10:53:54','2019-03-09 15:09:46'),(46,28,'no_image.jpg','2019-03-10 20:43:52','2019-03-10 00:07:43'),(47,24,'no_image.jpg','2019-03-11 03:09:05','2019-03-10 02:02:28'),(48,17,'no_image.jpg','2019-03-10 03:41:46','2019-03-10 09:52:48'),(49,9,'no_image.jpg','2019-03-10 22:52:49','2019-03-09 18:20:12'),(50,4,'no_image.jpg','2019-03-09 21:52:25','2019-03-11 08:15:42');
/*!40000 ALTER TABLE `images` ENABLE KEYS */;
UNLOCK TABLES;

--
-- Table structure for table `items`
--

DROP TABLE IF EXISTS `items`;
/*!40101 SET @saved_cs_client     = @@character_set_client */;
/*!40101 SET character_set_client = utf8 */;
CREATE TABLE `items` (
  `id` int(11) NOT NULL AUTO_INCREMENT,
  `name` varchar(255) NOT NULL,
  `price` int(11) NOT NULL,
  `item_condition` int(11) NOT NULL,
  `area` int(11) NOT NULL,
  `shipping_method` int(11) NOT NULL,
  `size` int(11) DEFAULT NULL,
  `text` text NOT NULL,
  `created_at` datetime NOT NULL,
  `updated_at` datetime NOT NULL,
  `seller_id` int(11) NOT NULL,
  `buyer_id` int(11) DEFAULT NULL,
  `delivery_date` int(11) NOT NULL,
  `delivery_burden` int(11) NOT NULL,
  `brand_id` int(11) DEFAULT NULL,
  PRIMARY KEY (`id`),
  KEY `index_items_on_seller_id` (`seller_id`),
  KEY `index_items_on_buyer_id` (`buyer_id`),
  KEY `index_items_on_brand_id` (`brand_id`),
  CONSTRAINT `fk_rails_36708b3aa6` FOREIGN KEY (`brand_id`) REFERENCES `brands` (`id`)
) ENGINE=InnoDB AUTO_INCREMENT=51 DEFAULT CHARSET=utf8;
/*!40101 SET character_set_client = @saved_cs_client */;

--
-- Dumping data for table `items`
--

LOCK TABLES `items` WRITE;
/*!40000 ALTER TABLE `items` DISABLE KEYS */;
INSERT INTO `items` VALUES (1,'Brownie',8867,1,24,3,0,'sample','2019-03-10 10:07:32','2019-03-10 08:14:22',17,NULL,2,0,2),(2,'Ice Cream Cake',7402,5,8,7,6,'sample','2019-03-10 00:05:27','2019-03-09 19:08:24',26,NULL,0,0,4),(3,'Upside Down Pineapple Cake',7174,2,4,3,6,'sample','2019-03-10 14:39:08','2019-03-11 07:34:06',6,NULL,1,0,2),(4,'Brownie',4710,5,24,7,8,'sample','2019-03-10 23:54:44','2019-03-09 17:30:38',40,NULL,1,1,2),(5,'Key Lime Pie',7627,5,21,4,7,'sample','2019-03-10 12:19:49','2019-03-10 08:13:50',44,NULL,2,0,1),(6,'Fruit Cake',4178,4,43,2,7,'sample','2019-03-11 13:30:27','2019-03-11 00:16:27',27,NULL,0,0,4),(7,'Ice Cream Cake',394,3,41,5,6,'sample','2019-03-10 11:07:22','2019-03-10 04:50:11',14,NULL,2,0,2),(8,'Cake',9823,3,6,7,0,'sample','2019-03-11 14:22:29','2019-03-10 02:28:32',48,NULL,1,1,1),(9,'Pie',2797,1,27,2,9,'sample','2019-03-09 22:51:35','2019-03-10 16:20:41',13,NULL,0,1,4),(10,'Ice Cream',4822,1,7,1,1,'sample','2019-03-11 10:32:00','2019-03-09 19:55:21',32,NULL,1,0,3),(11,'Fruit Cake',309,5,24,0,7,'sample','2019-03-11 14:21:53','2019-03-10 10:59:00',33,NULL,1,1,4),(12,'Fruit Cake',2421,2,6,4,7,'sample','2019-03-10 04:02:43','2019-03-09 23:35:38',18,NULL,1,1,2),(13,'Key Lime Pie',4965,4,24,2,8,'sample','2019-03-09 18:14:16','2019-03-10 22:57:05',31,NULL,2,1,1),(14,'Pudding',7359,0,18,1,2,'sample','2019-03-10 17:00:50','2019-03-09 21:53:11',30,NULL,2,1,2),(15,'Cookie',5413,1,23,5,1,'sample','2019-03-10 03:50:07','2019-03-09 21:07:29',42,NULL,1,0,4),(16,'Cobbler',8993,2,9,3,3,'sample','2019-03-10 03:51:25','2019-03-11 12:51:53',5,NULL,2,1,4),(17,'Fruit Cake',5803,0,0,1,6,'sample','2019-03-09 15:28:07','2019-03-11 02:44:39',45,NULL,2,1,1),(18,'Ice Cream',8471,0,18,5,9,'sample','2019-03-11 11:34:17','2019-03-10 17:48:24',29,NULL,1,0,3),(19,'Sweet Bread',5933,1,41,0,5,'sample','2019-03-10 23:23:33','2019-03-10 00:44:55',9,NULL,1,1,1),(20,'Doughnut',4023,4,42,0,7,'sample','2019-03-10 01:50:24','2019-03-10 07:11:46',22,NULL,0,1,2),(21,'Trifle',5280,5,6,1,6,'sample','2019-03-10 00:43:38','2019-03-10 19:14:01',36,NULL,1,1,1),(22,'Ice Cream Cake',6707,1,19,2,2,'sample','2019-03-09 20:49:35','2019-03-10 23:25:21',50,NULL,2,0,3),(23,'Trifle',3262,5,32,1,9,'sample','2019-03-11 07:57:06','2019-03-10 11:40:53',8,NULL,0,0,2),(24,'Ice Cream',8878,2,0,2,3,'sample','2019-03-10 15:42:07','2019-03-09 19:00:21',38,NULL,0,0,2),(25,'Pudding',8314,1,33,6,9,'sample','2019-03-11 11:08:12','2019-03-11 09:00:49',4,NULL,1,1,3),(26,'Brownie',294,3,32,3,9,'sample','2019-03-11 13:13:38','2019-03-11 10:43:56',28,NULL,2,1,2),(27,'Ice Cream',7159,0,24,7,9,'sample','2019-03-10 00:22:15','2019-03-11 12:07:12',23,NULL,1,0,3),(28,'Cupcake',4365,3,6,3,8,'sample','2019-03-10 07:03:34','2019-03-09 17:54:07',25,NULL,0,1,1),(29,'Ice Cream Cake',2466,1,10,3,9,'sample','2019-03-10 19:51:27','2019-03-11 05:38:47',1,NULL,0,1,4),(30,'Cheesecake',3162,4,0,2,3,'sample','2019-03-10 00:09:59','2019-03-09 17:19:00',20,NULL,1,1,1),(31,'Cake',8718,0,12,1,6,'sample','2019-03-10 21:09:51','2019-03-09 17:26:12',11,NULL,2,1,2),(32,'Key Lime Pie',9883,4,43,8,1,'sample','2019-03-10 10:40:25','2019-03-11 09:29:53',35,NULL,2,1,4),(33,'Coffee Cake',7696,4,38,7,6,'sample','2019-03-10 04:08:24','2019-03-10 12:48:40',37,NULL,0,1,4),(34,'Coffee Cake',8806,3,22,7,5,'sample','2019-03-11 07:54:43','2019-03-11 00:41:55',12,NULL,2,1,4),(35,'Sundae',7856,5,20,2,4,'sample','2019-03-09 21:24:54','2019-03-10 12:50:48',34,NULL,1,0,3),(36,'Cake Pop',750,1,28,4,9,'sample','2019-03-09 19:22:31','2019-03-11 01:59:41',21,NULL,1,1,2),(37,'Sweet Bread',4942,2,33,1,5,'sample','2019-03-11 09:46:31','2019-03-11 07:45:48',47,NULL,2,1,4),(38,'Cake',6417,3,27,8,0,'sample','2019-03-11 04:53:22','2019-03-09 15:31:47',41,NULL,2,1,1),(39,'Trifle',7359,1,42,8,4,'sample','2019-03-10 04:01:43','2019-03-10 14:09:22',39,NULL,1,1,1),(40,'Sweet Bread',7968,3,19,7,9,'sample','2019-03-09 22:17:56','2019-03-11 00:29:50',19,NULL,0,0,1),(41,'Doughnut',6457,2,18,6,3,'sample','2019-03-11 02:12:19','2019-03-10 22:53:44',16,NULL,2,1,1),(42,'Cake',6938,5,6,6,9,'sample','2019-03-11 09:28:01','2019-03-11 14:34:37',15,NULL,1,1,1),(43,'Upside Down Pineapple Cake',5938,0,22,6,4,'sample','2019-03-09 19:16:14','2019-03-10 23:16:12',43,NULL,2,0,2),(44,'Cheesecake',7014,2,26,7,5,'sample','2019-03-11 14:45:28','2019-03-09 15:48:07',2,NULL,1,1,1),(45,'Trifle',6427,4,31,0,8,'sample','2019-03-11 07:03:59','2019-03-10 12:57:33',24,NULL,0,1,2),(46,'Cobbler',5687,3,17,0,8,'sample','2019-03-10 16:26:32','2019-03-11 06:55:48',49,NULL,0,1,1),(47,'Key Lime Pie',453,4,15,5,9,'sample','2019-03-10 00:34:07','2019-03-11 11:42:21',46,NULL,2,0,2),(48,'Cupcake',9066,0,29,6,9,'sample','2019-03-11 04:26:05','2019-03-11 06:20:48',7,NULL,1,0,1),(49,'Trifle',1115,0,8,3,9,'sample','2019-03-10 12:51:18','2019-03-11 07:17:51',10,NULL,2,0,4),(50,'Pudding',8638,0,1,3,8,'sample','2019-03-10 15:59:32','2019-03-10 13:13:09',3,NULL,1,0,2);
/*!40000 ALTER TABLE `items` ENABLE KEYS */;
UNLOCK TABLES;

--
-- Table structure for table `schema_migrations`
--

DROP TABLE IF EXISTS `schema_migrations`;
/*!40101 SET @saved_cs_client     = @@character_set_client */;
/*!40101 SET character_set_client = utf8 */;
CREATE TABLE `schema_migrations` (
  `version` varchar(255) NOT NULL,
  PRIMARY KEY (`version`)
) ENGINE=InnoDB DEFAULT CHARSET=utf8;
/*!40101 SET character_set_client = @saved_cs_client */;

--
-- Dumping data for table `schema_migrations`
--

LOCK TABLES `schema_migrations` WRITE;
/*!40000 ALTER TABLE `schema_migrations` DISABLE KEYS */;
INSERT INTO `schema_migrations` VALUES ('20190112083349'),('20190124093427'),('20190124103639'),('20190124103650'),('20190124103700'),('20190124105908'),('20190209060922'),('20190220062736'),('20190223082037'),('20190223085259'),('20190223093923'),('20190223094755'),('20190223094939'),('20190223105733'),('20190224043247'),('20190224044623'),('20190226142707'),('20190226144441'),('20190226154113'),('20190226163938'),('20190227034617'),('20190227040232'),('20190302063211'),('20190302063404'),('20190302071253'),('20190304123813'),('20190309164526'),('20190310065104');
/*!40000 ALTER TABLE `schema_migrations` ENABLE KEYS */;
UNLOCK TABLES;

--
-- Table structure for table `users`
--

DROP TABLE IF EXISTS `users`;
/*!40101 SET @saved_cs_client     = @@character_set_client */;
/*!40101 SET character_set_client = utf8 */;
CREATE TABLE `users` (
  `id` int(11) NOT NULL AUTO_INCREMENT,
  `email` varchar(255) NOT NULL DEFAULT '',
  `encrypted_password` varchar(255) NOT NULL DEFAULT '',
  `nickname` varchar(255) NOT NULL,
  `family_name` varchar(255) NOT NULL,
  `first_name` varchar(255) NOT NULL,
  `family_name_kana` varchar(255) NOT NULL,
  `first_name_kana` varchar(255) NOT NULL,
  `telephone` varchar(255) DEFAULT NULL,
  `birthday` date NOT NULL,
  `icon` varchar(255) DEFAULT NULL,
  `reset_password_token` varchar(255) DEFAULT NULL,
  `reset_password_sent_at` datetime DEFAULT NULL,
  `remember_created_at` datetime DEFAULT NULL,
  `rate_good` int(11) DEFAULT '0',
  `rate_normal` int(11) DEFAULT '0',
  `rate_bad` int(11) DEFAULT '0',
  PRIMARY KEY (`id`),
  UNIQUE KEY `index_users_on_email` (`email`),
  UNIQUE KEY `index_users_on_reset_password_token` (`reset_password_token`)
) ENGINE=InnoDB AUTO_INCREMENT=51 DEFAULT CHARSET=utf8;
/*!40101 SET character_set_client = @saved_cs_client */;

--
-- Dumping data for table `users`
--

LOCK TABLES `users` WRITE;
/*!40000 ALTER TABLE `users` DISABLE KEYS */;
INSERT INTO `users` VALUES (1,'lara_ondricka@gmail.com','$2a$11$rlCNwbqGPUK4BLFTiukljuXGXYQ3a3W.9Oleqzm30x/GWAUfCbthe','三浦 健','村田','真之介','モリタ','モモエ','02926-1-1481','1994-05-04',NULL,NULL,NULL,NULL,0,0,0),(2,'miyoko@gmail.com','$2a$11$d9JoJ7cOEk1N7xuoMRU45e2YPdDbSaNIaze2UHP4TQA4I4FzLjMnu','原田 奈々','西野','凛花','ヤマウチ','リュウジ','0684-50-1239','1962-06-23',NULL,NULL,NULL,NULL,0,0,0),(3,'kristopher.howell@hotmail.com','$2a$11$owtt0dCbcoFZ07jk6jQRYecghINKK7SH.k9ggCLhBQGMBl7zDUGbq','岡田 彩花','菊地','寿英','マツモト','ヒサナリ','030-614-3957','1981-04-07',NULL,NULL,NULL,NULL,0,0,0),(4,'kaye@hotmail.com','$2a$11$3KYjEeQL6rBG5wEF13FRv.Ga72Ah9pFk.5Mk3nQk0XFAwTuhxe8me','酒井 蓮','尾崎','秋風','コバヤシ','ヒロシ','0270-06-2366','1991-09-11',NULL,NULL,NULL,NULL,0,0,0),(5,'ronnie.willms@yahoo.com','$2a$11$/0qBlrgfblPNaFwzBXC2WeI2DiBgAu4uIo1Yl3PqOlBWBHk3ISbMC','渡部 優那','伊東','龍','ヤマネ','ミツノ','067-949-0080','1960-01-02',NULL,NULL,NULL,NULL,0,0,0),(6,'yahaira@gmail.com','$2a$11$klZkT2QoLAn9MfxOC1trtOn2COdIGkOVwpOPy8wOfsHlxnoiVTsjy','福田 琴音','平山','逸菜','タダ','カズフミ','0787-80-4449','1985-07-19',NULL,NULL,NULL,NULL,0,0,0),(7,'bula@yahoo.com','$2a$11$NLCHfDEQD1SXtgTlW.wLFeEiNlzvl1zj0T410bjEzUD1Dz7JCQdW6','松尾 遥','堀内','春好','ヤマダ','ユウサ','07-5732-6486','2000-08-23',NULL,NULL,NULL,NULL,0,0,0),(8,'carol.corwin@gmail.com','$2a$11$0r.gKBqfQb2unX7A0Uri9.sdFTOsj.66S0uhm7Zye35QX4CoAO4Vy','中島 美優','内田','茂智','スゲ','タマラ','01-1754-1449','1978-07-08',NULL,NULL,NULL,NULL,0,0,0),(9,'nanette@hotmail.com','$2a$11$5tE.uTx9JR/8tJ1DBLLwP.XrFbVTuq/UUKwFkwbzURGyFYUgtb4bO','佐藤 一郎','星野','海里風','ミヤケ','キエ','0799-71-2797','1957-07-18',NULL,NULL,NULL,NULL,0,0,0),(10,'bernardo@yahoo.com','$2a$11$yk1dCXwlgmDynxZkPOEWPu/IUFQQf/2VCX7M7T1m7Ia9eKBpi/SO6','佐藤 陽','柳沢','一守','モチヅキ','ショウコ','09-2909-6098','1980-07-31',NULL,NULL,NULL,NULL,0,0,0),(11,'eden.kemmer@yahoo.com','$2a$11$qddXJKqdSPa1mBNb8..Ct.eXO9D2y8rFg7sVzu60N9T4H4zTH8/fS','宮崎 美咲','林田','圭一','アキモト','ヤスユキ','04892-0-7982','1962-07-31',NULL,NULL,NULL,NULL,0,0,0),(12,'renata.mayert@gmail.com','$2a$11$l5vvnBjP6c7i7paWiFcVpeAoj/P5r9KAV0yns30HzOmFvgmFBDc2K','酒井 悠太','村井','可南子','モリヤマ','ミフユ','01-0369-7729','1981-03-02',NULL,NULL,NULL,NULL,0,0,0),(13,'giovanna.cain@hotmail.com','$2a$11$AHj822iKv0bErjveG7m2rOwmJ1yT0glINNKQQ9qwRX7hHC61lUJNm','渡辺 莉子','星野','愛鈴','カワタ','フキ','0843-88-3201','1998-10-19',NULL,NULL,NULL,NULL,0,0,0),(14,'derick_mcclure@hotmail.com','$2a$11$IMrr1HmfZvn8yJEcA4NNgOiqtlYP6fEeMHMhxrEutnwd6ldIt8q0y','三浦 匠','平岡','弥憂','キシ','ユウサク','07-8543-6775','1976-01-28',NULL,NULL,NULL,NULL,0,0,0),(15,'elmer@yahoo.com','$2a$11$ISU0/Go3QePsOi8LBCpi0unge/HAAIxyWy0K2cLOthpdfvPH2MVvO','武田 大樹','根岸','泳実','アライ','カオリ','0846-20-7468','1981-09-10',NULL,NULL,NULL,NULL,0,0,0),(16,'eli.dubuque@yahoo.com','$2a$11$vwTDROzWn9S7sJ/a4D6mTuikvJPWYw6McAZIdVceMK6ih73hLhRTC','小林 莉子','佐々木','遼介','ツカモト','サエ','04-6307-7256','1991-07-30',NULL,NULL,NULL,NULL,0,0,0),(17,'yan.larson@yahoo.com','$2a$11$m1pMcgW5.MKOYlKN1qpaoetIRIJktNN/vx6g0/cAOL.PF0HWHB6Tm','新井 杏奈','柴田','友莉','ナカジマ','アイ','07-1661-9488','1991-02-17',NULL,NULL,NULL,NULL,0,0,0),(18,'mason.bahringer@gmail.com','$2a$11$5TsQN2VtPsTfRnOMbaWvbeht3QvDm3am7FwHp6wtDbN2FENS9XYQq','藤原 悠','松村','小枝','ミズタニ','リホ','02864-0-2718','1992-04-24',NULL,NULL,NULL,NULL,0,0,0),(19,'noelle.doyle@hotmail.com','$2a$11$ngCYGmi8hrNY0AO8arQ9I.Rs9sJo0Bs21W5kP6Uk4vLdsDayFPhJG','杉山 響','川島','綾穂','キムラ','マサヒコ','0590-90-5004','1954-09-21',NULL,NULL,NULL,NULL,0,0,0),(20,'orville_legros@gmail.com','$2a$11$/kgblAmThQieQBrWCskFjuL1IktFQpQUXsED/xGgfrAGRZJlZZ1ty','谷口 太一','大城','恋雛','ニシノ','シマ','038-207-0261','1964-06-13',NULL,NULL,NULL,NULL,0,0,0),(21,'vannesa_bartell@yahoo.com','$2a$11$n8csI5U7r9vZ0DaaDu9rB.DRs/EPTkNwxFCzOWrDNR89dX1Z0YXVq','中島 亮','細川','奨','カネシロ','ヒロアキ','0396-92-8783','1996-07-03',NULL,NULL,NULL,NULL,0,0,0),(22,'ellis@hotmail.com','$2a$11$gsYZ3dLMEeDQOoPDC2MWIOldFntS4LvVO5/odEDfAoJDuUaE6kbPu','横山 葵','田村','康志','ワタナベ','ウキョウ','0250-55-9991','1984-01-18',NULL,NULL,NULL,NULL,0,0,0),(23,'columbus.metz@gmail.com','$2a$11$ir/5PN03qwgsNqmBlj1irOzmXKu8jgfB8UJOcK2V7yo0/xQYVHqdK','宮崎 結','藤沢','冴梨','ヨシモト','レイジ','04561-1-7392','1985-04-22',NULL,NULL,NULL,NULL,0,0,0),(24,'tatiana@gmail.com','$2a$11$k/jhWfxQCsERWEimWU8mHOQPBHUB0FuPnVAoe.bTyy5rbOemw1JiO','上田 輝','黒田','琉生','フジタ','サナエ','0317-68-0643','1966-10-28',NULL,NULL,NULL,NULL,0,0,0),(25,'yeenia.williamson@hotmail.com','$2a$11$UOlorDqSar5NT7ZICt.AwOVbc2So8zhqHVX4nUlTteHghHyGN8h4C','小島 結菜','清水','星河','マツヤマ','ヒデカズ','017-487-3783','1995-03-18',NULL,NULL,NULL,NULL,0,0,0),(26,'dalila@hotmail.com','$2a$11$OtgsJIEDgbt5BuiV9Frf8esvMuFM3/B9pVsjFMI00X8VQD56euUHa','森田 美緒','土井','琴芽','フジイ','カンタ','05194-0-9210','1979-02-25',NULL,NULL,NULL,NULL,0,0,0),(27,'nick_fay@yahoo.com','$2a$11$22FQTb54amaGR0vMN/n.TeFs4sS9MSolc7ywt2ldnRgN4YglfA4Xu','渡辺 恵','西田','花萌','サトウ','マサズミ','01113-1-1677','1985-01-28',NULL,NULL,NULL,NULL,0,0,0),(28,'barrie.johnston@hotmail.com','$2a$11$7D6TUsrQqLP.BwsmNp8BQO3S4w9Dhq3OfLTRnuxpe9D9YKZ5vZ1oG','山口 碧','白川','采夏','キクチ','モトキヨ','09299-7-9033','1974-05-06',NULL,NULL,NULL,NULL,0,0,0),(29,'chas.howell@yahoo.com','$2a$11$npwZjSuRMyagWr5wCErrD.M.MUgqbM2dfLzrpcClUJRgIXmAGfcP.','佐々木 悠人','水野','等','スダ','アサミ','07-1439-7279','1959-11-22',NULL,NULL,NULL,NULL,0,0,0),(30,'magda.kris@hotmail.com','$2a$11$gb2pyQf4RAsUvNandSova.GHIEXfjEVSMyoYiUO8WMnYidQSatvoy','宮本 健太','竹村','卓朗','オオタケ','エマ','032-578-0686','1958-11-05',NULL,NULL,NULL,NULL,0,0,0),(31,'numbers.turner@gmail.com','$2a$11$Pnsyf3BDPdWWK0bMYgDTR.x759q3DydEhbkxhbRzeFGOiFFeI/QWu','宮崎 悠真','飯田','采巳','タカマツ','ケイジ','08281-2-9876','1994-02-26',NULL,NULL,NULL,NULL,0,0,0),(32,'jordan_king@hotmail.com','$2a$11$UjM9h6O7zxVBVeEIzTuby.a0q2lOeHUqYd1POhF.qOJrQ5ma2W1Xe','鈴木 仁','長沢','涼霞','コイズミ','タカオ','04280-1-7203','1985-09-23',NULL,NULL,NULL,NULL,0,0,0),(33,'fairy@yahoo.com','$2a$11$r71xhvCMGpZD6B2VvyJpJOq4VwBlb3U.MpJHASpwE1ESMumE3nImy','横山 陽子','山口','諒汰','アラキ','カズト','07469-3-8365','1991-12-11',NULL,NULL,NULL,NULL,0,0,0),(34,'tari@hotmail.com','$2a$11$D3Wn9kzj/dSAxIk/5DbfJeoKUFVisCGtxTAsEbEleU2yKWuk9RbvO','中村 優奈','牧野','晶絵','ミズタニ','レナ','04-5191-3246','1980-07-04',NULL,NULL,NULL,NULL,0,0,0),(35,'sammy@yahoo.com','$2a$11$P.YlH0/IYqS8ayGWPtbGEOVu3VNgHnC2Z/mgkRKAp66TiWrJUZIUS','中島 海斗','徳田','珠貴','オオハシ','ヨウジロウ','04-3630-1640','1987-07-24',NULL,NULL,NULL,NULL,0,0,0),(36,'ok@gmail.com','$2a$11$WFQXueDk4eMNC2Tn//xZ5O6XAIZYXEgLExS7/IhyZvvEM/5lbf36.','高木 颯太','杉田','飛鳥','アンドウ','セイカイ','07419-2-9196','1977-07-10',NULL,NULL,NULL,NULL,0,0,0),(37,'huey@hotmail.com','$2a$11$MVn7GBEkh3yk/V/iHPnhheLOdKNOLUQat8amqcIzrKdzF9JgagGAG','阿部 彩乃','内田','知一','タカヤマ','カズユキ','0830-89-2701','1986-03-08',NULL,NULL,NULL,NULL,0,0,0),(38,'louie@hotmail.com','$2a$11$T0Th5jKeoks6JvcGLEa9V.Ygqy25XlmOhVls/VlS1xk5fJjyOiFzG','武田 颯','谷本','遊星','フクダ','アキトモ','03252-8-8128','1973-08-15',NULL,NULL,NULL,NULL,0,0,0),(39,'adan@gmail.com','$2a$11$xO07G0oP8N0BIp9ZTVKw5eHXzfFeRNIZdpzw4CNL7kyvHGIiKfcuO','青木 明日香','山岸','歩夢','ナガタ','ナツミ','0607-74-4949','1981-05-23',NULL,NULL,NULL,NULL,0,0,0),(40,'ro_ferry@gmail.com','$2a$11$qkOz7JNkWQQLeGTSt2ojpuJvBgUkmeKP9lqdblsTEwC1fX8KlJ2kK','工藤 美咲','谷口','直緒','オノ','ヒデオ','04-0187-6938','2000-10-09',NULL,NULL,NULL,NULL,0,0,0),(41,'doria_ruecker@yahoo.com','$2a$11$Z2q9/jzt1GX1S/oveTw2A.gIgKCQLIk3vRLV4E1RM/.t8V7rjGNo6','野村 陽菜','梶原','美與','オオカワ','ノブヨリ','06344-6-1959','1992-10-28',NULL,NULL,NULL,NULL,0,0,0),(42,'tasha.veum@hotmail.com','$2a$11$AtVr0Bgn0DK7gRvwbyuKJ.dH817NzDYFSr6yT74Id0/WBp7goPi..','中村 樹','中田','勇人','アライ','シオリ','03-7251-5698','1957-02-02',NULL,NULL,NULL,NULL,0,0,0),(43,'gayle@hotmail.com','$2a$11$BjCC/.OohPg5NkHvIDP8X.mziyccRjF3e00fYW23wlyRU/cpIRnGu','池田 千尋','西尾','文絵','シンデン','セナ','09670-3-7962','1976-09-13',NULL,NULL,NULL,NULL,0,0,0),(44,'monroe.haley@yahoo.com','$2a$11$pBkBMi4M8mhsVqxoTyLNZ.H8OGMjQxqhv9Hp13FiL9xeyiqNhksia','小山 翼','島村','唯羅','オオウチ','リョウタロウ','05-1207-8463','2001-01-24',NULL,NULL,NULL,NULL,0,0,0),(45,'kiley_thiel@gmail.com','$2a$11$Fv/6v7f3xIIhyF68q2Z3eet3yf0cragKlhU0lx/CbLF.LPKvrEpaK','大塚 陽斗','石橋','佑介','ノグチ','ケイカ','0167-22-2327','1963-03-01',NULL,NULL,NULL,NULL,0,0,0),(46,'noma@yahoo.com','$2a$11$I3.Vnwftt1lN4RmTOim5DO30f1EzK8p8k31uRp91lQIbyrv.NxjcS','伊藤 翔太','村井','武','タムラ','シナ','09509-0-2995','1957-05-15',NULL,NULL,NULL,NULL,0,0,0),(47,'clarence@hotmail.com','$2a$11$yahPM5x8FhpjJFGJkWmEfeHi5lvZdc824S4lBEtlyPYv1jmVfNhEy','佐藤 翼','比嘉','琉斗','スドウ','ルカ','03-1143-7495','1972-08-14',NULL,NULL,NULL,NULL,0,0,0),(48,'martha.nikolaus@yahoo.com','$2a$11$X5RheGN0glrf7nRpBtL4hOT.h0sZI3XPlHzX/kJ3VwwZrSU2mnAAC','千葉 杏','石橋','帆風','マツザキ','カズシゲ','0682-33-4898','1957-03-05',NULL,NULL,NULL,NULL,0,0,0),(49,'kyong@hotmail.com','$2a$11$A.E1Bvtvimf9C4vmXjUeHuU0f41m9jHmLQD.bazB12y2dODy1cZba','内田 智子','徳永','暢久','ヤマムラ','ケンスケ','04690-9-3803','1993-01-09',NULL,NULL,NULL,NULL,0,0,0),(50,'roderick.greenholt@yahoo.com','$2a$11$9o4udZQa9GpP7jaibgyJI.V4SKbUlLsjlkMQL6DMUj1VeOp5WZc3i','松田 翔','柳沢','律音','クマガヤ','ハルノ','05930-9-2018','1958-01-06',NULL,NULL,NULL,NULL,0,0,0);
/*!40000 ALTER TABLE `users` ENABLE KEYS */;
UNLOCK TABLES;
/*!40103 SET TIME_ZONE=@OLD_TIME_ZONE */;

/*!40101 SET SQL_MODE=@OLD_SQL_MODE */;
/*!40014 SET FOREIGN_KEY_CHECKS=@OLD_FOREIGN_KEY_CHECKS */;
/*!40014 SET UNIQUE_CHECKS=@OLD_UNIQUE_CHECKS */;
/*!40101 SET CHARACTER_SET_CLIENT=@OLD_CHARACTER_SET_CLIENT */;
/*!40101 SET CHARACTER_SET_RESULTS=@OLD_CHARACTER_SET_RESULTS */;
/*!40101 SET COLLATION_CONNECTION=@OLD_COLLATION_CONNECTION */;
/*!40111 SET SQL_NOTES=@OLD_SQL_NOTES */;

-- Dump completed on 2019-03-11  1:04:41
